name,facade,tint,module,variant,profile,whole,take,roof,notes,near
Berliner Fernsehturm,floodlit,#b9bdc1,0,,,,,#c8c8c4,"STRUCTURE, build as a [[structures]] figure (the OSM prism is a 368 m column of the pedestal's width: do not extrude). Silver-grey sphere: sampled (sampled on refs/fernsehturm/02, box 0.30,0.45,0.70,0.58): mean #9ca0a4, mid40-90 #bbbec1, bright30 #edeeed: the skin is faceted pyramids that catch the sun, so the tint is the mid-high value #b9bdc1. Shaft: pale concrete grey #b8b8b4 with dark porthole bands (5 sections, DE) [est.]; the antenna above the sphere is a white/pale mast with a red top (fernsehturm/02 top: red-white banded cap) [seen, colours est. #c9c9c6 and #b8392f]. Dimensions from Wikipedia DE: shaft 16 m -> 9 m diameter, sphere 32 m centred at 213.78 m, foundation 42 m, 368.03 m total. Night: the sphere is lit warm white from inside at the deck band, the shaft is lit only at its foot; red aircraft-warning lights at the tip.",
Reichstagsgebäude (Kuppel),monument,#bdb39d,,0.3,,,,#aebcc4,"(M4 fix round, builder L) tint grey-beige #bdb39d (the critic: the sandstone read too yellow; refs/reichstag/01-02 weathered grey-beige); the glass dome is a see-through glazing figure. Reichstag: palace variant 0.3 (arched windows between pilasters, a central Corinthian-column portico) for the Wallot block; the Foster glass dome is not in any style: build it as a lathe of glass + steel (24 ribs, 38-40 m dia, 23.5 m high; roof #aebcc4 glass). Sampled (refs/reichstag/01, dusk sun, box 0.12,0.50,0.38,0.65) mean #ae9e7f, median #beae8a, mid40-90 #d8c4a1, bright30 #f1e0be; refs/reichstag/02 (golden hour, box 0.30,0.42,0.55,0.65) mean #9f7f5c, mid40-90 #c19a72: warm sand stone, tint #c8b690 (sampled neutral-ish). Four corner towers with low roofs; main roof flat metal. Night: dome lit warm from within; facade floodlit (reichstag/05).",
Berliner Dom,monument,#7c7a74,7.0,0.3,,,4,#79948a,"(M4 fix round, builder L) module 7 m: the big arched windows between the orders, not a housing grid. Berlin Cathedral: Neo-Renaissance/Baroque (monument variant 0.3 palace is the closest; 0.5 gothic is wrong). Sooty Silesian sandstone, dark grey: sampled (refs/berliner-dom/03, box 0.15,0.55,0.35,0.70, overcast shadow) mean #434848, mid40-90 #474b4b, bright30 #727878: tint #7c7a74 (the cleaned stone is lighter, est.). The domes are verdigris copper: sampled (refs/berliner-dom/05, box 0.45,0.30,0.65,0.45, sky dropped) mean #7c8f86, median #81958b, mid40-90 #8ca096, bright30 #9fb2ab: roof #79948a (grey-green teal; darker/bluer in shade, refs/berliner-dom/01 dusk), gold lantern with a cross (#c9a227, refs/berliner-dom/05). Four corner cupolas, a central drum with columns. take 4 for the corner-dome parts [est.]. Night: floodlit warm, the dome blue-green (berliner-dom/01).",
Rotes Rathaus,brickstone,#b0643f,3.6,0.5,,,,#7d8f88,"Rotes Rathaus: red clinker brick with terracotta bands. Sampled in neutral daylight (refs/rotes-rathaus/01, wing box 0.12,0.70,0.38,0.82) mean #9d6042, median #a66341, mid40-90 #ba6f4b, bright30 #cb8965; tower box 0.45,0.30,0.53,0.50 mean #88573f, mid40-90 #a76a4d; in refs/rotes-rathaus/02 (golden hour) the same brick reads #e79a62/#fc9f5c (too orange): tint #b0643f (the neutral mid value). Tall arched windows in three rows over a plinth, the square clock tower with a lantern and a small green copper roof (#7d8f88 est.); roofs flat/low. Night: lit windows (rotes-rathaus/04).",
Kollhoff-Tower,klinker,#7a4434,1.6,0.6,0:1 0.8:1 0.8:0.93 0.88:0.93 0.88:0.86 0.95:0.86 0.95:0.78 1:0.78,,,#7f6a5c,"(M4 fix round, builder L) klinker (Berlin brick: courses, sill bands) in narrow 1.6 m bays so the brick piers read vertical; stepped setbacks over the top fifth; dark red-brown #7a4434 (refs/kollhoff-tower/01-03). Kollhoff Tower: dark red-brown clinker, tall narrow punched windows with projecting frames. Close-up (refs/kollhoff-tower/03, box 0.2,0.35,0.8,0.80, oblique light) sampled mean #876b5b, median #ab836c, mid40-90 #ba9279, bright30 #cdaa94; seen from the square against the sun (refs/potsdamer-platz-area/02, box 0.38,0.25,0.44,0.60) the whole tower is a dark maroon-brown silhouette: mean #47434f, median #383848, mid40-90 #5a515a, bright30 #7a6d74: tint #8a5a48 (between). In refs/db-tower/04 the same tower reads pale beige in a backlit/hazy frame (sun glare on the pale mortar). Step-backs: profile est. from refs/potsdamer-platz-area/02 (a stepped crown with a pyramidal top: 0.55, 0.78, 0.92 of 103 m) [est.]; the 115 m tip is the lantern/mast in OSM. Module 2.4 m is est. (window bay). M4 (builder T): the LoD2 has the tower as 17 parts with its setbacks measured (59, 98, 101, 103 m): no profile (it lofted the one 73 m² named part); the parts within 23 m join it (near); the copper-green lantern and mast to 115 m are a [[structures]] figure (scripts/m4t_structures.py).",13.374944 52.508964 23
Bahntower (Deutsche Bahn Tower),glass,#a9b4bb,1.5,,,,,#8b98a6,"(M4 fix round, builder L) pale silver-grey #a9b4bb (the critic: a dark glass tower; refs/kollhoff-tower/07, db-tower). Bahntower: dark blue glass, a cylindrical west face: sampled (refs/db-tower/04, box 0.10,0.10,0.40,0.55) mean #1f3853, median #173658, mid40-90 #254767, bright30 #43698a: tint #2c4a68 (a mirror of the sky; clearer glass reflects #43698a on bright sections). Glass fins with a stepped crown; DB logo lit at night (db-tower/05). Module 1.5 m est. M4 (builder T): its 94 m body is OSM-named ""Bahntower"" (row Bahntower below).",13.375019 52.509667 12
Sony Center (Dach),floodlit,#d6d3cb,0,,,,,,"Sony Center forum roof: STRUCTURE (a tent of PTFE-coated fibreglass on a steel ring: white-grey #d6d3cb by day, lit from within by coloured LEDs at night; refs/sony-center/02, /05). The wings are glass-and-steel office blocks (refs/sony-center/04). Cone height 67 m (DE). M4 (builder T): the LoD2 canopy solids are excluded; the tent is a [[structures]] figure (Sony Center roof, #dcd9d0 membrane): this row names nothing.",
Gedächtniskirche Ruine (alter Turm),monument,#625d56,6.0,0.3,,,4,#4f4b46,"(M4 fix round, builder L) palace kind in 6 m bays (round-arched Romanesque-revival windows, not gothic lancets), dark weathered stone #625d56 (refs/gedaechtniskirche/01-02); its broken crown is a figure. Ruined old tower: sooty grey-brown stone with ornate Neo-Romanesque detail and a broken, roofless top: sampled (refs/gedaechtniskirche/01, box 0.18,0.35,0.30,0.65, sky dropped) mean #68685f, median #595d58, mid40-90 #7c7a71, bright30 #c2b8a5: tint #7c7a71. Variant 0.5 (arches, buttresses, an octagonal stair turret). Night: floodlit warm (gedaechtniskirche/04).",
Neue Kaiser-Wilhelm-Gedächtniskirche (Oktogon und Glockenturm),lattice,#26345a,2.2,1.0,,,,,"(M4 fix round, builder L) the bell tower: blue-black glass-block lattice in light concrete frames (lattice style, variant 1: every cell glass; refs/gedaechtniskirche/03-05). New octagon and bell tower: by day grey concrete with tiny blue dots: sampled (refs/gedaechtniskirche/01, new church box 0.50,0.66,0.72,0.76, sky dropped) mean #818178, median #85847a, mid40-90 #95948b, bright30 #aaaaa5: tint #85847a for the day; at dusk/night the 21,292 stained glass inlays (predominantly blue; ruby red, emerald green, yellow, EN) glow: deep cobalt #46689f (est. from refs/gedaechtniskirche/04-05). Octagon 35 m dia x 20.5 m high, hexagonal bell tower 53.5 m, flat roofs. In the engine: floodlit style with the grey tint and an emissive blue at night.",
Siegessäule,floodlit,#5f5a4c,0,,,,,#d4aa3c,"STRUCTURE (a column: build as a [[structures]] figure). Base: red/brown granite and dark bronze reliefs: sampled (refs/siegessaeule/01, box 0.12,0.88,0.40,0.95, in shade) mean #332f2b: the lit granite is a warm red-brown #8c4f40 [est. from the photo, the sample is shadowed]. Colonnade ring dark bronze-brown, shaft dark olive-bronze with three gilded cannon-barrel bands each (sampled shaft box 0.42,0.31,0.54,0.69 mean #63635a, bright30 #bdbcb0, the gilded bands brighter); Victoria gilded #d4aa3c (seen). 67 m (EN), Victoria 8.32 m and 35 t (DE).",
Berliner Hauptbahnhof,glass,#b4bfc4,1.5,0.4,h@53.9=50.0;h@53.4=50.0;h@31.4=0,,,#aab6bc,"(M4 fix round, builder L) lighter silver glass #b4bfc4; the LoD2 slab over the west hall (31.4 m, from 23.2) dropped (h@31.4=0): the east-west hall is a glass vault figure over OSM's roofs. Hbf: glass, light blue-grey with white steel frames: sampled (refs/hauptbahnhof/02, box 0.22,0.30,0.45,0.62) mean #7f8c91, mid40-90 #98aab0, bright30 #c1cdd1: tint #8fa3aa. The two Bügel (46-48 m OSM parts) are curtain-wall slabs; the east-west hall a barrel-vault glass roof (321 m, DE) over the tracks, light blue-grey with white ribs: a profile cannot make a barrel vault: [[structures]] or a roof shape. M4 (builder T): its halls, Bügel and canopies within 115 m join it (near); the Bügel bridges (canopy solids at 48.6-53.9 m, canopy_fit takes them down onto the hall vault) to the Bügel offices' 50 m; the east-west hall roof (9,920 m², 23.2-31.4 m) lofted as a vault (shell:0:13).",13.36945 52.525014 115
Oberbaumbrücke,floodlit,#a4523a,0,,,,,#8a4a3c,"STRUCTURE (bridge): orange-red brick arcade and towers: sampled (refs/oberbaumbrücke/02, arcade box 0.60,0.70,0.90,0.78) mean #945038, median #984f36, mid40-90 #a55940; tower box 0.52,0.36,0.67,0.56 mean #8b665e (sky mixed), mid40-90 #a56355: tint #a4523a. Tower roofs: pointed conical, copper-red/rust (roof #8a4a3c, est.). Calatrava's central steel span: pale grey #c0c3c6 [est.]. U1/U3 trains run on top (yellow, refs/oberbaumbrücke/04).",
Humboldt Forum (Berliner Schloss),monument,#d4bc8c,,0.3,h@59.6=50.6;h@53.2=50.6,,5,#6b7f72,"(M4 fix round, builder L) the LoD2's drum (59.6 m flat top, eave 50.6) and the Umweltatlas block over it cut to the eave (h@): the ribbed copper dome, lantern and cross are figures from there; yellow-ochre baroque sandstone #d4bc8c; the west portal and Stella's grey east front are figures. Humboldt Forum: the baroque facades are warm ochre-cream plaster with sandstone-coloured pilasters: sampled (refs/humboldt-forum/04, baroque wing box 0.70,0.40,0.88,0.55) mean #a48b68, median #aa916f, mid40-90 #c2aa86, bright30 #e0c69c: tint #cdb68f; the modern east/north facade is a pale warm-grey stone grid with deep vertical window reveals, no ornament: (box 0.15,0.35,0.45,0.55) mean #7e746b, mid40-90 #aa9d90, bright30 #c1b6ac: tint #b9ada0 (grid ~ 2.4 m module est.). A copper-green dome over the west portal; low dark hipped roofs. refs/humboldt-forum/01 (dusk) reads far greyer: not used. take 5.",
Park Inn Hotel Alexanderplatz,bands,#7d9cc0,1.5,0.4,,,,#b3b5b7,"(M4 fix round, builder L) bluer glass bands #7d9cc0 between the light spandrels (refs/alexanderplatz-towers/01-02). Park Inn: blue-grey glass with white vertical mullions and spandrel bands: sampled (refs/alexanderplatz-towers/01, box 0.30,0.30,0.65,0.70) mean #64788f, mid40-90 #7b8fa5, bright30 #a8bacd: tint #6a7e94. A lit rooftop 'PARK INN' sign, a small crown/mast, horizontal white band at the top (refs/alexanderplatz-towers/01). M4 (builder T): the antenna to 149.5 m is a [[structures]] figure.",
Atrium Tower (debis-Haus),brickstone,#a8573f,1.8,0.3,,,,,Atrium Tower (Piano): terracotta-and-glass: terracotta tint #a8573f [est. from memory of the debis facade; refs/potsdamer-platz-area not sampled for this]; tapered wedge plan (82 m long).,
Potsdamer Platz Forum Tower (PwC),glass,#6a7e94,1.5,,,,,,Placeholder (Forum Tower): height unknown; not used.,
Beisheim Center (Ritz-Carlton),limestone,#d0cfcc,4.5,,,,,,"Beisheim Center: two pale white-grey stone slabs (sampled refs/potsdamer-platz-area/02, box 0.82,0.35,0.93,0.65: mean #bbbbb9, median #bebcba, mid40-90 #d6d5d3, bright30 #f2f2f0): tint #d0cfcc; regular punched windows, flat roofs. ~ 70 m. M4 (builder T): its tower parts within 22 m join it (near).",13.37559 52.51032 22
Europa-Center,panel,#a8a8a6,2.4,,,,,,"Europa-Center: grey curtain wall panels with ribbon windows, a flat roof with the Mercedes star (roof #d0d3d6, black star lit) [est.]. M4 (builder T): the slab's parts join it (near); the Mercedes star to 103 m is a [[structures]] figure.",13.338042 52.504334 22
Zoofenster,stone,#d4d0c4,1.8,0.3,,,,#476b7e,"Zoofenster: cream-white stone/cladding with deep punched windows, topped by a dark glass crown. Seen in refs/zoofenster-upper-west/04 (right tower): sampled box 0.62,0.45,0.78,0.65 mean #b2b1ae, median #dad8d0, mid40-90 #efe8df, bright30 #f8f4ed: tint #d4d0c4 (sunlit pale cream-white); the dark top block (box 0.66,0.18,0.80,0.28) median #476b7e, mean #4d637a = dark blue-green glass, roof/crown colour #476b7e. Base 90 m (OSM parts) then the 119 m top: a set-back. Night: lit hotel windows, lit crown. M4 (builder T): its parts (79-83 m) join it (near).",13.33279 52.505625 22
Upper West,bands,#e0e5e6,1.5,0.6,,,,,"Upper West: two rounded twin shafts wrapped in a staggered white frame grid (white diagonal 'brick-bond' frames with tall dark window cut-outs), refs/zoofenster-upper-west/04 (left tower): sampled box 0.17,0.15,0.37,0.50 mean #979ea3 (frames + dark glass mixed), mid40-90 #e0e5e6, bright30 #f7fcfc: the frame is near-white (#e0e5e6), the glass between it dark blue-grey: use a pale tint with bands variant 0.6 (strong frames) [est.]; rounded corners: the footprint is two oval lobes. M4 (builder T): its parts join it (near); the twisted cut of the top is not modelled (the LoD2 parts step at 95-121 m).",13.332844 52.504921 30
Bikini Berlin,concretepanel,#cfcdc6,2.4,0.3,,,,,"Bikini Berlin: refs/zoofenster-upper-west/06: a long off-white horizontal slab raised on pilotis with continuous ribbon windows and white spandrels; the open 'bikini' storey; sampled box 0.30,0.18,0.80,0.40 mean #929ba0 (sky glass mixed), mid40-90 #a3bcd6 (reflections): not usable as albedo; tint est. #cfcdc6.",
Kudamm-Karree (Fürst Tower),concretepanel,#b0aca4,2.2,0.4,,,,,Kudamm-Karree 1974: precast panel slab [est.]; being converted to Fürst Tower. M4 (builder T): the tower's parts (91-93 m) and the Karree round it join it (near).,13.323422 52.501187 36
Kranzler Eck,glass,#7090a0,1.5,,,,,,Kranzler Eck: curtain wall with a round tower and rotunda [est.].,
Kaiser-Wilhelm-Gedächtnis-Platz: Breitscheidplatz Ensemble,floodlit,#b0a898,0,,,,,,Breitscheidplatz ensemble row: see the church rows.,
Zoologischer Garten Berlin (Elefantentor),floodlit,#a4392b,0,,,,,#6a8a78,"Elefantentor: red-painted pagoda gate with stone elephants [believed], tint est.",
Philharmonie Berlin,floodlit,#b9994c,0,,0:1 0.42:1 0.62:0.8 0.82:0.55 1:0.28,,,#b9994c,"Philharmonie: the roof/walls are dull-gold anodised aluminium panels: sampled (refs/philharmonie-kulturforum/01, box 0.35,0.20,0.75,0.40) mean #78683d, median #7b6a3d, mid40-90 #7d6d40, bright30 #827349: a dark mustard-olive gold, not bright yellow: tint #86743f (a little lighter than the shaded sample). The asymmetric tent with a dark base storey and a butterfly-wing sculpture on the roof edge; the lower foyer is dark glass/steel (refs/philharmonie-kulturforum/01). Night: warm lit foyer (philharmonie-kulturforum/02). M4 (builder T): a tent: walls to 45 % of its 36 m, the outline then moving in 16 m (shell) under the gold roof. M10 fix round (builder R, critic: 'a smooth gold dome'): straight faces from 42 % of its height (a faceted tent, not the shell's quarter ellipse) and the walls lighter gold-yellow #b9994c (the anodised panels in sun, refs/philharmonie-kulturforum/01's mid-tones lifted).",
Kammermusiksaal,floodlit,#b9994c,0,,0:1 0.5:1 0.72:0.78 1:0.42,,,#b9994c,"M10 fix round (builder R): Scharoun's and Wisniewski's chamber music hall (1987), the Philharmonie's smaller sibling in the same gold-anodised aluminium (the LoD2's 26.3 m piece south of it; the critic: Altbau-styled): a tent like its neighbour's [est. from refs/philharmonie-kulturforum].",13.369005 52.509478 4
Philharmonie foyer,beton,#d3cebf,3.6,,,,,,"M10 fix round (builder R): the low foyer and connecting wings between the Philharmonie and the Kammermusiksaal (LoD2 pieces 8.4-19.5 m, Altbau-styled before): pale concrete with glass [est.].",13.36918 52.50997 4|13.36881 52.50965 4|13.36927 52.50959 4|13.36926 52.50968 4|13.36903 52.50967 4
Neue Nationalgalerie,spire,#aaa69d,,,,,,#aaa69d,"M10 fix round (builder R): the hall and the roof plate are a [[structures]] figure (scripts/m10f_structures.py; their LoD2 pieces excluded: a beige hollow box); with the hall excluded the name falls on the 4.6 m plinth: this row tints it (the lower floor in the terrace, west of the hall) granite #aaa69d [est.], as the spire style so its top (the terrace) keeps that colour, not the roof tones. Neue Nationalgalerie: black steel roof plate (#2b2b2e) over a glass box with thin dark mullions: glass tint #3b4048 [est.]; the granite terrace #8a8680.",
Kulturforum Gemäldegalerie / Kunstgewerbemuseum,brickstone,#b8a98a,3.6,,,,,,"Gemäldegalerie/Kunstgewerbemuseum: pale stone and brick, low [est.].",
Denkmal für die ermordeten Juden Europas,floodlit,#8a8a86,0,,,,,,"Holocaust memorial: STRUCTURE (instanced grey concrete stelae, 0.2-4.7 m); concrete mid-grey #8a8a86 [est.]; a plaza #9a9690.",
Altes Museum,monument,#bdb6a6,5.0,0.65,,,3,,"Altes Museum: 18 Ionic columns weathered grey-white, the wall behind the colonnade painted RED (a deep ochre-red, seen in refs/altes-museum/04), a long attic with an inscription; sampled attic box hit blue sky (0.1,0.22,0.9,0.29 median #567b85: invalid); colonnade stone est. #bdb6a6 (light grey, soot-streaked). Peristyle variant 0.65, module 4.6 m (the column spacing, 18 columns over 87 m).",
Neues Museum,limestone,#b6ae9c,3.6,,,,,,"Neues Museum: pale cream-grey plaster and stone, tall windows, a colonnade wing: sampled (refs/neues-museum/01, box 0.55,0.30,0.85,0.48) mean #aeada1, median #b2ac9a, mid40-90 #c7c0b5: tint #b6ae9c (partly shaded). The corner pavilion has a Greek-style pediment on the top storey. M10 fix round (builder R): no table piece carries its name: its unnamed LoD2 pieces within 40 m of its point join it (near).",13.39774 52.520184 40
Alte Nationalgalerie,monument,#cdb48f,,0.3,,,,#8a9a8a,"Alte Nationalgalerie: a Corinthian temple front on a high podium with a double staircase; warm buff sandstone: sampled (refs/alte-nationalgalerie/01, box 0.15,0.64,0.40,0.74 = steps) mean #c3ab8c, median #d1b895, mid40-90 #ddc19f: tint #cdb48f. Colonnade back wall dark red-brown (the recess, seen). Apse on the north, flat roof, a bronze equestrian statue of Frederick William IV on the stairs.",
Pergamonmuseum,limestone,#d0cabc,4.8,0.4,,,3,,"Pergamonmuseum: bright pale limestone, a blank central portal block flanked by two plain wings with pilaster-like vertical frames, the south wing front is a bare monumental facade: sampled (refs/pergamonmuseum/01, box 0.3,0.30,0.65,0.45) mean #d3cdc2, median #e3ded1, mid40-90 #e8e3d6, bright30 #f1ece0 (very light): tint #d0cabc. Flat roofs with skylights; the Ehrenhof court is open to the Kupfergraben.",
Bode-Museum,monument,#b0a48e,,0.3,,,,#6f7f74,"Bode Museum: stone grey-beige walls (sampled in shade refs/bode-museum/03 box 0.5,0.38,0.8,0.50 mean #796f63, mid40-90 #908478: tint #b0a48e brightened, est.), a drum with a dark green-grey copper dome (the dome box hit the sky: dome colour est. from the photo as dark grey-green #6f7f74). Round-arched arcade at the water, a pedimented front; on the Spree/Kupfergraben tip. The Fernsehturm is visible behind (refs/bode-museum/03).",
James-Simon-Galerie,concretepanel,#e8e8e2,3.0,0.2,,,,,"James-Simon-Galerie: slender white stone colonnade (thin square columns in a row, a flat roof slab, a wide stair); sampled (refs/james-simon-galerie/03, box 0.05,0.45,0.35,0.60) median #abacab, mid40-90 #ebebe5, bright30 #f5f6f0: tint #e8e8e2 (white-grey).",
Zeughaus (Deutsches Historisches Museum),glass,#9fb0b8,3.0,,,,,#6a6a6a,"M10 fix round (builder R): this name lands on the LoD2's canopy over the Schlüterhof (24.3-24.9 m, the courtyard's glass roof, 2003): glass. The body (the 'Zeughaus' row) is salmon. Zeughaus: warm cream-pink sandstone with rich sculpture on the cornice, tall arched windows (refs/neue-wache-zeughaus/02: sampled box 0.20,0.40,0.60,0.62 mean #aa9888, median #b9a592, mid40-90 #e4ceba, bright30 #f8e6d4): tint #c8b8a2; flat roof hidden behind a balustrade with trophies.",
Zeughaus,monument,#d6a493,5.0,0.3,,,,#6a6a6a,"M10 fix round (builder R; critic: salmon-pink baroque, not beige): the LoD2 body named 'Zeughaus' (6,952 m², 18.5 m): the 1960s rebuild's salmon-pink render and sandstone dressings, palace variant 0.3; tint #d6a493 between refs/neue-wache-zeughaus/02's median #b9a592 (shaded) and mid-tones #e4ceba, pushed toward the pink seen in sunlit photos [est.].",
Neue Wache,monument,#c4b89a,5.0,0.65,,,3,,"Neue Wache: Doric portico (six columns) on a sandstone cube [est.]. M10 fix round (builder R): the portico's canopy piece (8.4-10.7 m, Altbau-styled with a red tile top) joins it (near: its representative point; take 3 missed it).",13.395558 52.517789 3
Staatsoper Unter den Linden,monument,#d8b8a6,5.0,0.65,,,,#5d5f63,"Staatsoper: the plaster is a PINK-rose (salmon) with white pilasters/columns and a grey slate roof, clearly visible in refs/staatsoper-humboldt-uni/01 (sample box 0.30,0.45,0.70,0.60 mixes columns and shadow: mean #8c7965, mid40-90 #9d8c7c, bright30 #d7be9a): tint #d8b8a6 [est. from the photo's lit plaster]. Six Corinthian columns, pediment, flat-ish roof, a flagpole.",
St.-Hedwigs-Kathedrale,monument,#c0b196,,0.7,,,,#7fbfae,"St Hedwig's: bright verdigris-green copper dome and warm buff sandstone walls with a six-column Corinthian portico (refs/st-hedwigs-cathedral/01). Sampled dome (box 0.35,0.12,0.65,0.25, sky dropped) mean #abe2d8, median #aae1d8 (very light mint in full sun): roof #7fbfae (toned darker for albedo); walls (box 0.30,0.58,0.55,0.72) mean #928875, mid40-90 #bbac91, bright30 #e1d2b5: tint #c0b196.",
Konzerthaus Berlin (Gendarmenmarkt),monument,#d4cdb8,5.0,0.3,,,,#6e6e72,"Konzerthaus: cream-grey plaster and sandstone, Ionic portico, pediment, slate-grey roof [est.].",
Französischer Dom (Gendarmenmarkt),monument,#c8bea6,,0.3,,,14,#6e8c80,"(M4 fix round, builder L) take 14 m: the square base and its porticos join the tower (they read as red brick). French Cathedral: sandstone domed tower, copper-green cupola (roof est. #6e8c80). A tower row: take 5 for the dome parts.",
Deutscher Dom (Gendarmenmarkt),monument,#c8bea6,,0.3,,,14,#6e8c80,"(M4 fix round, builder L) take 14 m. German Cathedral: as the French Cathedral; mirror image.",
Friedrichswerdersche Kirche,brickstone,#a8573f,3.6,0.5,,,,#7a6a60,"Friedrichswerder Church: neo-Gothic red brick, two square towers with crenellations [believed].",
St. Marienkirche (Berlin),brickstone,#8f5a42,,0.5,,,,#cc623e,"St Mary's: refs/marienkirche-nikolaiviertel/01: a steep orange-red tile roof (sampled box 0.40,0.58,0.65,0.66 mean #c6735a, median #cc623e: roof #cc623e) over red-brown brick walls (box 0.30,0.77,0.60,0.84 mean #815a3d, mid40-90 #936846 in shade: tint #8f5a42), and a cream-ochre plastered west tower (box 0.20,0.40,0.27,0.58 mean #c8a874, median #e5ba77 in warm light: est. #d9c49a) topped by a green copper spire with a lantern (box 0.22,0.06,0.28,0.24 sky dropped: median #a0c09c, sunlit patina; est. #7fa38a). Tower height 89.7 m (EN list).",
Nikolaikirche (Nikolaiviertel),monument,#8a5b44,,0.5,,,,#6d8877,"(M4 fix round, builder L) monument gothic (tall lancets between buttresses) in its brick and stone tint, not a housing grid. Nikolaikirche: brick Gothic with two copper-green spires (the twin tower form, refs/marienkirche-nikolaiviertel/02 aerial) [believed colours; the St Mary's sampling next door shows the brick/roof colours: brick #8f5a42, tile roof #cc623e].",
Haus des Lehrers,bands,#d4dcd8,2.0,0.5,,,,,"Haus des Lehrers: refs/alexanderplatz-towers/03: a 12-storey curtain-wall slab with pale mint-white spandrel panels and light grey mullions (sampled box 0.30,0.25,0.55,0.50 mean #9fadad, median #c0c6c3, mid40-90 #dee3e1, bright30 #eef7f2: tint #d4dcd8) over a glazed ground floor on slender white columns, and the multicoloured Womacka frieze as a band across the building's lower third (strong colours: red, yellow, blue, white on grey; est.). M4 (builder T): the Womacka frieze is a [[structures]] figure: a band of coloured panels round the slab at 6.6-13.4 m.",
Haus des Reisens,concretepanel,#9fa09f,2.4,0.4,,,,,"Haus des Reisens: pale panels: sampled (refs/alexanderplatz-towers/05, box 0.35,0.30,0.65,0.60) mean #686768, mid40-90 #818184, bright30 #b0aca8 (the tower is in partial shade in the photo): tint #9fa09f.",
Berliner Congress Center (bcc),panel,#b8bcc0,3.0,,,,,,bcc: grey metal panels and glass; low saddle roof [est.].,
"The Berlinian (Alexanderplatz, MYND-Turm)",stone,#8e8a82,1.8,0.3,,,,,The Berlinian: stone-grey tiles and glass [est. from press; no photo yet]. Shell completed 2026 (topped out 14 Jan 2026).,
Covivio Tower (Alexanderplatz) / ALX Tower,glass,#7a8c9c,1.5,,,,,,Covivio tower (not built).,
Hochhaus am Alexanderplatz (Hines / Alexander Tower),glass,#7a8c9c,1.5,,,,,,Hines tower (not built).,
Alexa / Alexanderplatz Galeria,stone,#d6ccb8,2.4,0.5,,,,,"Galeria Kaufhof Alexanderplatz: refs/alexanderplatz-towers/06 (2024) shows the renewed facade as a pale cream-beige stone cladding with vertical fins and tall glass bands (the old aluminium honeycomb facade is gone): sampled box 0.25,0.20,0.50,0.35 mean #a1a7ad (sky in the glass), mid40-90 #c9c5cc, bright30 #f1e9e0: tint #d6ccb8 (est.); flat roof, green GALERIA logo on the corner, the Brunnen der Voelkerfreundschaft in front. 42 m (OSM). M4 (builder T): this row is the Galeria Kaufhof (its point and notes): its LoD2 parts within 45 m join it; the OSM-named ""Galeria"" body is the row Galeria below; the Alexa mall is its own row (Alexa).",13.411652 52.522421 45
Weltzeituhr Alexanderplatz,floodlit,#b8b8b4,0,,,,,,World Clock: STRUCTURE.,
Bahnhof Alexanderplatz,panel,#a0a4a8,4.0,,,,,,Alexanderplatz station: steel and glass hall.,
Bundeskanzleramt,concretepanel,#d6d3cc,3.6,0.3,,,,,"Kanzleramt: pale grey-white concrete cube with huge round-cornered cut-outs and glass behind (refs/kanzleramt/01): sampled (box 0.22,0.35,0.38,0.60 = pale wall with glass) mean #7d7c7b, mid40-90 #9b918b, bright30 #cac4c1: tint #c9c4c1 (the lit concrete). The glass front is dark blue-grey, a red-brown steel sculpture ('Berlin' by Chillida) stands in the forecourt; bare trees around in the photo. M10 fix round (builder R): every 31001_3011 piece of the complex takes concretepanel #d6d3cc through [facade.zones] 'Bundeskanzleramt' (the critic: beige Altbau blocks); this row's piece the same.",
Paul-Löbe-Haus,glass,#a8b4bc,3.5,0.4,,,,#e8e8e6,"Paul-Löbe-Haus: huge thin white flat roof plate cantilevering over a fully glazed hall (refs/paul-loebe-haus/02): roof/fascia white #e8e8e6 [est.; the sample box hit the blue sky: invalid], glass clear light blue-grey; tint est. #a8b4bc.",
Marie-Elisabeth-Lüders-Haus,glass,#a8b4bc,3.5,0.4,,,,,Marie-Elisabeth-Lüders-Haus: glass and pale stone; round tower 36 m [est.].,
Jakob-Kaiser-Haus,brickstone,#b09c80,3.6,,,,,,Jakob-Kaiser-Haus: mix of old stone/brick and new glass [est.].,
Haus der Kulturen der Welt,floodlit,#c4986c,0,,,,,#e6e4de,"HKW: the saddle shell is warm timber/copper-coloured panels (refs/haus-der-kulturen-der-welt/03: sampled box 0.45,0.40,0.75,0.60 mean #7d5c42, mid40-90 #ce9e6f, bright30 #dcac81: tint #c4986c) under a white concrete rim/roof edge (#e8e6e0 est.), glass hall below; the carillon pylon at the left. Not a window style: floodlit with a shell profile (est.). M4 (builder T): the shell roof is a [[structures]] figure (a white saddle on two abutments); the LoD2 canopy box is excluded and the auditorium under it set to 11 m (fix_h); the facade tint is the auditorium drum's ochre-wood.",
Schloss Bellevue,monument,#d8d6d0,5.0,0.3,,,,#5d5f63,"Schloss Bellevue: white-cream plaster with white pilasters and a low dark-grey hipped slate roof, seen in refs/schloss-bellevue/01 (sampled box 0.30,0.35,0.70,0.45 mean #85868a, median #878c91, bright30 #ced1d3 under a blue-sky shadow: tint #d8d6d0 est.). Three storeys, wings; clipped yew cones and a big lawn in front.",
Bundesrat (Preussisches Herrenhaus),limestone,#b8ae98,4.5,,,,,,"Bundesrat: grey sandstone, mansard roof [believed].",
Hamburger Bahnhof,monument,#d0c49a,5.0,0.3,,,,,"Hamburger Bahnhof: pale yellow plaster, long glazed-brick hall at the rear [believed].",
Einz Tower,glass,#7090a8,1.5,,,,,,Einz Tower [est.].,
Cube Berlin,glass,#4f6368,1.5,0.5,,,,,"Cube Berlin: a tilted all-glass cube with faceted, mirror-glass planes: sampled (refs/europacity-heidestraße/01, box 0.45,0.10,0.80,0.40, sky pixels dropped) mean #4f6368, median #475b5e, mid40-90 #51666b, bright30 #809499: dark teal-grey in the shade, light blue-white in reflections: tint #5f7a82.",
Tour Total,glass,#7a8c9c,1.5,,,,,,Tour Total [est.].,
Upbeat (Moabit),glass,#7a8c9c,1.5,,,,,,Upbeat [est.].,
Charite Bettenhochhaus (Campus Mitte),concretepanel,#aeada6,3.3,0.4,,,,,"Charite tower: a wide pale-cream/grey 21-storey slab with a gold 'Charite' lettering on the parapet (refs/charite-bettenhochhaus/02; sampled box 0.30,0.20,0.60,0.38 in dusk light mean #7b7d82, mid40-90 #86888e: too dark; tint #aeada6 est.).",
Axel-Springer-Hochhaus,bands,#b8a468,2.0,0.4,,,,,"Springer House: golden-bronze anodised panels in a regular window grid (refs/axel-springer-hochhaus/02): sampled (box 0.30,0.30,0.65,0.55) mean #a69b82, median #a79980, mid40-90 #bdb296, bright30 #ddd7c0 (the window glass and strips pull the mean down): the panels read saturated gold-bronze in the photo: tint #b8a468 [est.]. A black-grey roof block and a lit ticker; the new OMA building at left is dark blue glass.",
Gedenkstätte Berliner Mauer (Bernauer Straße),floodlit,#7a4a38,0,,,,,,Wall memorial: rusted steel [believed].,
EDGE East Side Tower,glass,#6f93a0,1.5,0.4,,,,,"EDGE East Side Tower: green-blue glass with a stepped, offset floor plate pattern [est.].",
Stream Tower,glass,#7c93a4,1.5,,,,,,Stream Tower [est.].,
Spreeturm,glass,#7c93a4,1.5,0.4,,,,,Spreeturm [est.].,
Lux-Tower (Rummelsburger Platz),concretepanel,#b0aca4,2.4,,,,,,"Lux-Tower [est.]. M4 (builder T): resolved: no building of that name in OSM (local Overpass 2026-10-01, name~Lux within 3 km) and nothing over 55 m within 400 m: not built or misplaced; the row names nothing.",
Mercedes-Benz Arena / Uber Arena,panel,#4a4c50,6.0,,,,,#1d1d20,"Uber Arena (refs/mercedes-benz-arena/01): a glass-and-steel lattice wall under a black roof ring with the logo, a white base ring (est.): dark grey #4a4c50 [est.], roof black #1d1d20.",
Molecule Man,floodlit,#b7bcc0,0,,,,,,"(M4 fix round, builder L) brushed aluminium #b7bcc0. Molecule Man: STRUCTURE (perforated aluminium, silver-grey).",
Treptowers,bands,#8c95a0,1.5,0.3,,,,,"Treptowers: refs/treptowers/04: the 125 m tower is a grey-blue glass slab with horizontal metal bands (sampled box 0.09,0.22,0.20,0.60 mean #8b959f, median #8c95a0, mid40-90 #a0a8ad, bright30 #c2c7c9); the three lower wings (46 m) have pale cream-grey stone-and-glass facades with stepped tops (box 0.62,0.35,0.88,0.50 mean #99989b, median #a6a5a6, mid40-90 #bfbfbd, bright30 #e5e3e2): the wings tint #bfbfbd stone, the tower glass #8c95a0. Molecule Man stands in the river in front (white-silver, perforated). M4 (builder T): the tower at 125 m (the list), bands (its horizontal metal bands; plain glass read as a black slab); its three 46 m wings keep their own styles.",
East Side Gallery,floodlit,#6a6f78,0,,,,,,"East Side Gallery: the wall is dark blue-grey concrete with murals (refs/east-side-gallery/01: a 3.6 m wall with a rounded cap; the painted panels are multicoloured, base concrete est. #6a6f78); the Spree side is open.",
Türme am Frankfurter Tor (Südturm/Nordturm),monument,#c9bba6,3.0,0.3,,,,#6e8c80,"Karl-Marx-Allee towers and blocks: sampled (refs/karl-marx-allee/01 = Strausberger Platz, box 0.10,0.45,0.35,0.60) mean #9a937e, median #b2a692, mid40-90 #bfb2a0, bright30 #d2c7b6: a warm cream-beige tile, tint #c9bba6; 8-9 storeys with a darker stone base and regular small windows, the tower end block has a lattice frame on the roof (refs/karl-marx-allee/01, steel mast); portals in pale travertine with columns (refs/karl-marx-allee/04, sampled wall box 0.05,0.08,0.95,0.22 mean #aaacae, median #b8babd, mid40-90 #c7c7c8: a pale grey stone).",
Karl-Marx-Allee (Stalinallee) Hochhäuser,monument,#c9bba6,3.0,0.3,,,,,"Karl-Marx-Allee blocks: tint #c9bba6 (sampled cream-beige tile, see Frankfurter Tor row); 8-9 storeys, stone base, steep-ish flat roof with small attic; fountains in the Strausberger Platz roundel (refs/karl-marx-allee/01).",
Café Moskau,panel,#c0c4c8,3.0,,,,,,Café Moskau [believed].,
Kino International,concretepanel,#d8d4c8,4.0,,,,,,Kino International [believed].,
Haus der Elektroindustrie,panel,#a0a8b0,2.4,,,,,,Haus der Elektroindustrie [believed].,
Haus der Statistik,concretepanel,#b8a58a,3.0,,,,,,Haus der Statistik: orange-brown/white panels [believed].,
Königstadt-Carree,glass,#7c8c98,1.5,,,,,,Königstadt-Carree [est.].,
Fernsehturm-Park: Neptunbrunnen und Marx-Engels-Forum,floodlit,#8a8a82,0,,,,,,Park: no facade.,
Checkpoint Charlie,floodlit,#f0f0ee,0,,,,,,Checkpoint Charlie: STRUCTURE (white hut).,
Jüdisches Museum Berlin,monument,#c99c7c,4.5,0.3,,,,,"M10 fix round (builder R): this name lands on the baroque Kollegienhaus (the LoD2 pieces named 'Jüdisches Museum Berlin', 13.4 and 23.3 m), not on Libeskind's building (named 'Libeskind-Bau'): salmon-ochre plaster #c99c7c, palace variant 0.3; its unnamed wings (21.5-23.6 m) join it (near). (The 13.4 m flat piece under this name is the 2007 glass courtyard roof, drawn with it.) Jewish Museum: Libeskind's zinc zigzag: sampled (refs/juedisches-museum/01, box 0.78,0.30,0.98,0.60) mean #7c8384, median #838c8e, mid40-90 #8d9698: tint #8a9496 (a grey with a blue-green cast); the old Baroque Kollegienhaus next to it is salmon-ochre plaster with white trim and an orange-red tile roof (box 0.15,0.40,0.50,0.60 mean #a47d66, mid40-90 #ba8c74, bright30 #d7bd9f: plaster est. #c49a7a, roof orange-red #b8553a [est.]).",13.395434 52.502095 3|13.395656 52.502397 3|13.395335 52.502303 3
Libeskind-Bau,panel,#8a9496,4.0,,,,2,,"M10 fix round (builder R; critic: zinc silver-grey, not beige): Libeskind's zigzag (1999), the LoD2 piece named 'Libeskind-Bau' (1,599 m², 21 m) and its unnamed pieces within 2 m (take): titanium-zinc panel #8a9496, sampled refs/juedisches-museum/01 (see the Jüdisches Museum row). Its eight unnamed 21 m zigzag pieces join it by their representative points (near; take 2 missed them in the first shot).",13.395020 52.501957 3|13.395418 52.501750 3|13.395231 52.501972 3|13.394931 52.501730 3|13.395145 52.501691 3|13.394918 52.502025 3|13.395219 52.501908 3|13.394829 52.502064 3
Flughafen Tempelhof (Terminal und Radarturm),limestone,#c8c0aa,6.0,,,,,,Tempelhof terminal: limestone (outside the boundary).,
M50 (Mehringdamm),glass,#7a8c9c,1.5,,,,,,M50: under construction.,
Amerika-Gedenkbibliothek,concretepanel,#c0bab0,3.0,,,,,,AGB [believed].,
Berlinische Galerie,panel,#b8bcc0,4.0,,,,,,Berlinische Galerie [believed].,
Topographie des Terrors / Martin-Gropius-Bau,brickstone,#b0584a,3.6,,,,,,Martin-Gropius-Bau: terracotta-red brick/ceramic [believed].,
Anhalter Bahnhof Portikus,brickstone,#a8856a,,0.5,,,,,"Anhalter portico: buff brick and terracotta, ruin.",
Deutsches Technikmuseum,factory,#9a6a52,4.6,,,,,,Technikmuseum: brick halls [believed].,
Telefunken-Hochhaus (TU Berlin),bands,#4a5a6a,2.0,0.4,,,,,"Telefunken-Hochhaus (TU): refs/tu-berlin-ernst-reuter-platz/02: a dark blue-grey grid facade with pale horizontal strips, a lit magenta T-logo (the telecom tenant) on top: sampled (box 0.40,0.25,0.60,0.60) mean #475562, median #435362, mid40-90 #516171, bright30 #707c88: tint #4a5a6a.",
Technische Universität Berlin (Hauptgebäude),monument,#c4b496,4.5,0.3,,,,,TU main building: Neo-Renaissance sandstone [believed].,
Deutsche Oper Berlin,concretepanel,#cfc5b2,4.5,0.3,,,,,"Deutsche Oper (refs/deutsche-oper/01): a pale travertine-like wall slab with a glazed foyer side: sampled box 0.10,0.52,0.50,0.64 mean #c8beae, median #d0c6b4, mid40-90 #dfd3c1: tint #cfc5b2; a flat-roofed box with a taller stage house behind (~ 30 m [est.]).",
Hansaviertel Hochhäuser (Interbau 1957),concretepanel,#d0cbc0,3.0,0.5,,,,,"Hansaviertel high-rises: white/pale concrete with balcony patterns, colours differ per block [believed].",
Schlossbrücke (Marx-Engels-Brücke),floodlit,#d4cfc0,0,,,,,,Schlossbrücke: pale marble/stone arches with white statues [believed].,
Friedrichsbrücke,floodlit,#a8a496,0,,,,,,STRUCTURE (bridge): stone/steel; not sampled.,
Weidendammer Brücke,floodlit,#3f4a44,0,,,,,,Weidendammer Brücke: dark green-grey painted cast iron [believed].,
Marschallbrücke,floodlit,#a8a496,0,,,,,,STRUCTURE (bridge): stone/steel; not sampled.,
Moltkebrücke,floodlit,#b08868,0,,,,,,Moltkebrücke: red-brown sandstone [believed].,
Kronprinzenbrücke,floodlit,#a8a496,0,,,,,,STRUCTURE (bridge): stone/steel; not sampled.,
Gertraudenbrücke,floodlit,#a8a496,0,,,,,,STRUCTURE (bridge): stone/steel; not sampled.,
Mühlendammbrücke,floodlit,#a8a496,0,,,,,,STRUCTURE (bridge): stone/steel; not sampled.,
Jannowitzbrücke,floodlit,#a8a496,0,,,,,,STRUCTURE (bridge): stone/steel; not sampled.,
Schillingbrücke,floodlit,#a8a496,0,,,,,,STRUCTURE (bridge): stone/steel; not sampled.,
Elsenbrücke,floodlit,#a8a496,0,,,,,,STRUCTURE (bridge): stone/steel; not sampled.,
Michaelbrücke,floodlit,#a8a496,0,,,,,,STRUCTURE (bridge): stone/steel; not sampled.,
Potsdamer Brücke / Landwehrkanal bridges,floodlit,#a8a496,0,,,,,,STRUCTURE (bridge): stone/steel; not sampled.,
Hansabrücke / Lessingbrücke / Gotzkowskybrücke,floodlit,#a8a496,0,,,,,,STRUCTURE (bridge): stone/steel; not sampled.,
Kottbusser Brücke / Skalitzer Hochbahn,floodlit,#a8a496,0,,,,,,STRUCTURE (bridge): stone/steel; not sampled.,
Hochbahn U1/U3 (Kreuzberg Viadukt),floodlit,#4a5a6a,0,,,,,,"Hochbahn: STRUCTURE; blue-grey painted steel truss girder (a Pratt/Warren lattice, seen from below in refs/hochbahn-kreuzberg/01: dark steel against blue sky, est. #3f4f63) on steel pier frames; the stations Warschauer Straße/Goerlitzer Bahnhof are glass-and-steel halls.",
"Stadtbahn-Viadukt (S-Bahn, brick arches)",floodlit,#7e4a3c,0,,,,,,"Stadtbahn viaduct: red-brown brick arches with window/door infill at street level (refs/sbahn-viaduct/07: sampled shaded brick box 0.03,0.30,0.30,0.65 mean #513f3c, median #543d39: tint #7e4a3c est. for sunlit brick); the steel deck on top with a wall plate; arches of ~ 5-7 m span used as shops.",
Fischerinsel Wohnhochhäuser,concretepanel,#b8b4a8,2.6,0.3,,,,,Fischerinsel towers [believed]. M4 (builder T): the other towers on the Fischerinsel (56-68 m) join it (near).,13.404094 52.511987 12|13.406656 52.512484 14|13.407475 52.514124 12|13.406513 52.512653 10|13.408343 52.512746 10|13.408202 52.512898 10|13.407866 52.513032 10|13.408771 52.513997 10
Leipziger Straße Wohnhochhäuser,concretepanel,#b8b4a8,2.6,0.3,,,,,"Leipziger Straße slabs: concrete panels sand-grey [believed]. M4 (builder T): the other slabs (70.6-79.6 m, 813-860 m²) join it (near).",13.396058 52.510107 12|13.394381 52.509986 12|13.395779 52.510434 12|13.397737 52.510211 12|13.400038 52.510678 12|13.401648 52.510776 12
Berlin Mitte Plattenbau: Mollstraße and Rochstraße,concretepanel,#b8b4a8,2.6,0.3,,,,,"Rochstraße 9 [believed]. M4 (builder T): Rochstraße 9 is OSM w48396674 (25 levels, 52.52235 13.40490): the row now has that point; the LoD2 measures 78.9 m.",
Nikolaiviertel,house,#e4d6a8,2.9,,,,,,Nikolaiviertel: pastel plaster [believed].,
Hackesche Höfe,brickstone,#c8bca4,3.6,0.5,,,,,"Hackesche Höfe: glazed brick and ceramic, courtyards [believed].",
Friedrichstadt-Palast,panel,#d8d4c0,4.0,,,,,,Friedrichstadt-Palast [believed].,
Tränenpalast,glass,#9fb0c0,2.0,,,,,,Tränenpalast: glass cube [believed].,
Bahnhof Friedrichstraße,panel,#b0b4b8,4.0,,,,,,Station hall [believed].,
Volkspark Friedrichshain (Mont Klamott),floodlit,#7a8a60,0,,,,,,"TERRAIN, not a building.",
Viktoriapark Kreuzberg-Nationaldenkmal,floodlit,#7a8a60,0,,,,,,TERRAIN with the Schinkel cast-iron monument (dark grey iron).,
Neues Kreuzberger Zentrum (Kottbusser Tor),concretepanel,#9a8c7e,2.6,0.4,,,,,NKZ: brown-grey concrete with colour panels [believed].,
Neue Synagoge (Oranienburger Straße),monument,#c89a58,,0.1,,,,#d2a64a,Neue Synagoge: red/yellow striped brick front with a gilded dome (#d2a64a est.) [believed].,
St.-Matthäus-Kirche (Kulturforum),brickstone,#b49a6a,3.6,0.5,,,,,St Matthew's: yellow/red clinker [believed].,
Zionskirche,brickstone,#a8664a,3.6,0.5,,,,,Zionskirche: brick and sandstone [believed].,
Ludwig-Erhard-Haus (Börse Berlin),panel,#b8c0c8,4.0,,,,,,Börse: steel and glass arches (silver-white) [believed].,
"Pariser Platz: Akademie der Künste, Adlon, Palais am Pariser Platz",limestone,#c4bba4,4.5,,,,,,Pariser Platz: stone-clad 22 m blocks [believed].,
Bauakademie (Schinkel),brickstone,#a8573f,3.6,0.5,,,,,Bauakademie: red brick with terracotta [believed].,
Auswärtiges Amt (Haus am Werderschen Markt),limestone,#b8aa90,4.5,,,,,,Foreign Office: limestone [believed].,
Mossepalais / Leipziger Platz,limestone,#c0b8a4,4.5,,,,,,Leipziger Platz stone blocks [believed].,
Rathaus Kreuzberg (Yorckstraße),brickstone,#b09a7a,3.6,,,,,,Context.,
Internationales Handelszentrum (IHZ),glass,#7a8c98,1.5,0.3,,,,,"IHZ: GDR ribbed curtain-wall slab, blue-grey glass and panels [believed]; not photo-sampled.",
Grandaire (Alexanderplatz),concretepanel,#b9b6ae,2.4,0.3,,,,,Grandaire: stone-grey cladding [believed]; not photo-sampled.,
Silver Tower (Friedrichshain),glass,#7a8c98,1.5,,,,,,Silver Tower: not researched.,
Pressehaus (Alexanderplatz),concretepanel,#b0aca4,2.6,0.3,,,,,Pressehaus: GDR panel slab [believed].,
Bahntower,glass,#a9b4bb,1.5,,,,,#8b98a6,"(M4 fix round, builder L) pale silver-grey #a9b4bb. M4 (builder T): the Bahntower's 726 m² body at 94 m, OSM-named ""Bahntower"" (the landmark row's name is on its 103 m front): the same glass.",
Galeria,stone,#d6ccb8,2.4,0.5,,,,,"M4 (builder T): the Galeria Kaufhof's OSM-named body (2,616 m², 37 m): the renewed pale stone facade (refs/alexanderplatz-towers/06), as the row Alexa / Alexanderplatz Galeria.",
Alexa,panel,#a88276,4.0,0.3,,,,,"M4 (builder T): Alexa mall (2007, OSM w258898047, its LoD2 solid OSM-named ""Alexa""; gen_split gives its parts 22-39 m): a large block clad in salmon-red/terracotta stone and pink-brown panels with few windows [est. colour from memory of photos; refs has no Alexa photo]: panel style, tint #a88276 (est.; #b46a5c read as a red block in the viewer).",
Neue Kaiser-Wilhelm-Gedächtniskirche,lattice,#26345a,2.2,1.0,,,,,"(M4 fix round, builder L) the octagon (Eiermann, 1961): blue-black glass blocks in a light concrete lattice (lattice style, variant 1: every cell glass; refs/gedaechtniskirche/03-05); it read as red brick (the row named only the tower).",
Brandenburger Tor,limestone,#cfc6b2,4.5,,,,,,"(M4 fix round, builder L) NOT the gate (a [[structures]] figure): the table's name lands on Haus Liebermann north of it (28 x 14 m, 19.8 m), which took the gate's peristyle and read as an outsized Torhaus; Pariser Platz's light stone (as the Pariser Platz row).",
Französische Friedrichstadtkirche,monument,#cfc6b0,5.0,0.3,,,,,"(M4 fix round, builder L) the Huguenot church beside the Französischer Dom: light sandstone and render with arched windows (refs/gendarmenmarkt/01-02), not the red brick it took from its kind.",
Neue Kirche,monument,#cfc6b0,5.0,0.3,,,,,"(M4 fix round, builder L) the church beside the Deutscher Dom: light sandstone and render with arched windows (refs/gendarmenmarkt/01-02), not the red brick it took from its kind.",
