name_zh,name_en,height_m,height_type,floors,status,year,lat,lon,source,notes,feature,use_height
Berliner Fernsehturm,Berlin TV Tower (Fernsehturm),368,tip of antenna (concrete shaft 250 m; sphere centre ~200 m),,completed,1969,52.52082,13.409421,"Wikipedia EN List of tallest buildings in Berlin (raw wikitext, fetched 2026-10-02); Wikipedia DE Berliner Fernsehturm (infobox T_HOCH_GES 368,03 m, T_HOCH_AUS 203,78 m, T_HOCH_RES 207,53 m; sphere 32 m, centre 213,78 m); OSM w/556435241 (h=368, man_made=tower) (Overpass maps.mail.ru, base 2026-10-01)","MUST-HAVE. STRUCTURE, not a box: model as figure(s) [[structures]]: round concrete shaft (foundation 42 m outer diameter, shaft 16 m diameter at the bottom tapering to 9 m at the top, DE), the stainless-steel SPHERE (32 m diameter, centre at 213.78 m, observation deck 203.78 m, rotating restaurant 207.53 m, DE tower table; skin of trapezoid silver-grey pyramids standing 15 cm proud, which makes the sun cross 'Rache des Papstes'), then the lattice antenna mast (white, red bands [believed]) to 368.03 m (DE T_HOCH_GES). The concrete shaft ends at ~ 250 m [believed]. About 31,000 t (DE). OSM maps the tower as one outline (w/556435241, h368) plus a STACK OF PARTS (Overpass 2026-10-01): w/397891642 concrete 0-205 m, w/326772329 205-235, w/230818931 235-256 (metal), w/96880477 256-264 (white), w/304987174 264-284.7 (white), w/304987173 284.7-307 (red), w/304987172 307-332 (red), w/304987176 332-374 (red): the antenna's red and white bands are in the data, but the top is 374 m (6 m above the 368.03 m of Wikipedia) and the sphere is a plain prism inside the 0-205 m part, the shaft does not taper. Extruding it gives a blocky tower of constant width: set use_height False and build the figure (sphere + tapering shaft + banded mast) unless the stack proves acceptable at build time. Opened 3 Oct 1969 (GDR, built 1965-69). Low glass-and-concrete pavilion (Sockel) at the foot. Night: sphere lit, red aircraft-warning lights on the mast; floodlit shaft base only [believed]. OSM parts within 60 m: 8 with h>=15 m, top 374/332/307/284.7/264/256/235 m. Area: Mitte. M2: feature building until M4: built from OSM parts (parts_in), capped at 368 m; a figure in M4.",building,False
Brandenburger Tor,Brandenburg Gate,26,top of quadriga,,completed,1791,52.516275,13.377702,"OSM w/518071791 (h=26, historic=monument); Wikipedia EN Brandenburg Gate infobox (height 26 m, width 62.5 m; twelve fluted Doric columns, six each side, five passageways; 1788-91); Carl Gotthard Langhans 1788-91 (Overpass maps.mail.ru, base 2026-10-01)","MUST-HAVE. Neoclassical triumphal gate, Elbe sandstone: twelve Doric columns (six per side, about 15 m tall [believed]), five passages (the middle one wider, 5.65 m [believed]), an attic with a relief frieze and the quadriga (bronze/copper chariot with Victoria, Schadow 1793, about 5 m [believed]). Mass: a box 62.5 m wide (EN; depth about 11 m [believed]) with the column rows on both faces: model as a box plus column rows; the quadriga a small gilt-green silhouette on top. OSM has the way (h26) and a relation (the gate with the Pariser Platz wings, the two Torhäuser (guard houses, Doric temples) either side: each about 7 m tall). OSM parts within 60 m: 5 with h>=15 m, top 20/19.7/19.7/16.8/16 m. Area: Mitte. M2: use_height false: the LoD2 body (21 m); the quadriga for M4.",building,False
Reichstagsgebäude (Kuppel),Reichstag building with glass dome,48,top of the dome lantern (OSM relation 48; DE infobox 47),6,completed,1894,52.518596,13.376101,"OSM r/2201742 (h=48); Wikipedia DE Reichstagsgebäude (HOEHE 47; 137 x 103 m; dome 'Gestalt eines halben Rotationsellipsoids, Durchmesser 38 m und Höhe 23,5 m' and the table 'Höhe der Aussichtsplattform 40,7 m, Kuppelhoehe 23,5 m, Durchmesser 40 m'; 1884-94 Paul Wallot, rebuilt 1995-99 Norman Foster) (Overpass maps.mail.ru, base 2026-10-01)","MUST-HAVE. Neo-Renaissance block in sandstone (Saxon/Silesian, now light yellow-grey [believed]) 137 x ~100 m, four 40 m corner towers [believed], the Foster glass dome on the roof centre (steel ribs: 24 vertical ribs 15 degrees apart, 17 horizontal rings; ellipsoid 38-40 m diameter, 23.5 m high; viewing platform at 40.7 m; the mirror cone ('Lichttrichter') inside). Model: stone box with parapet + 4 corner towers with low hipped roofs + the dome as a lathe of glass and steel; at night the dome glows (a lantern). The main western portico (columns, tympanum 'DEM DEUTSCHEN VOLKE' (1916)) faces the Platz der Republik; the roof is largely flat (metal) with small chimneys. West facade: wide outside stairs. OSM parts within 80 m: 10 with h>=15 m, top 48/42/42/42/42/41/41 m. Area: Tiergarten. M2: use_height false: the LoD2 body (28 m); the dome for M4.",building,False
Berliner Dom,Berlin Cathedral,98,top of the lantern cross (DE 98 m; before 1944 114-116 m),,completed,1905,52.519086,13.401028,"OSM w/313670734 (h=98) plus the parts listed in the notes; Wikipedia DE Berliner Dom ('heute 90 m lang, 98 m hoch', dome diameter 33 m; originally 114 m long, 73 m wide, 114 m high); Wikipedia EN infobox (dome_height_outer 115 m until destruction 1944; length 114 m, width 74 m) (Overpass maps.mail.ru, base 2026-10-01)","MUST-HAVE. Neo-Renaissance, Julius Raschdorff 1894-1905, Silesian sandstone (light grey-beige; cleaned). Central copper DOME (diameter 33 m; the postwar simplified rebuild of 1975-2002 is 98 m, the old one 114-116 m). OSM models it in parts: w/24044997 dome 50-75 m (roof colour #b4c9b3 pale green), w/438418249 lantern pyramid 74-82 m (roof #ffeb34 gold), w/438396411 drum/base 28-50 m, the corner domes w/42349274/5 45-52 m (green), w/230017202/3 base 28-45; the stack tops out at 82 m: the cross to 98 m is missing flanked by four smaller corner domes (about 47 m [believed]) and a west facade with a three-bay portal and stairs to the Lustgarten. Roof: dome green patinated copper [believed], the corner cupolas and the drum steel-grey. In front: Lustgarten, behind: Spree. Footprint 90 x 74 m, 6,270 m2 (DE). OSM parts within 80 m: 36 with h>=15 m, top 82/75/52/52/50/45/45 m. Area: Mitte. M2: use_height false: the LoD2 body (43 m, its dome capped); the dome and lantern for M4.",building,False
Rotes Rathaus,Red City Hall (Rotes Rathaus),94,"tip of the tower (DE: 74 m to the parapet, 94 m to the tip; the EN list gives 74)",4,completed,1869,52.518274,13.408555,"Wikipedia DE Rotes Rathaus ('Höhe des Turmes bis zur Bruestung 74 Meter und bis zur Spitze 94 m'); Wikipedia EN List of tallest buildings in Berlin (raw wikitext, fetched 2026-10-02) (74 m); OSM r/4211905 (4 levels, no height); Hermann Friedrich Wäsemann 1861-69 (Overpass maps.mail.ru, base 2026-10-01)","MUST-HAVE. DISPUTED height: 74 m (parapet of the tower gallery; EN list) vs 94 m (to the tip; DE). Kept 94 as the tip. North-Italian Renaissance, RED clinker brick (the 'Red' of the name) with terracotta friezes (a 210 m long frieze of city history), a 4-storey rectangle round three courtyards (99 x 88 m: DE infobox 8,720 m2), the square tower on the Rathausstraße side with a clock and a small copper-green roof/lantern [believed]. Roofs: low hipped or flat, grey slate/zinc [believed]. Base: sandstone plinth. In front: the Neptunbrunnen (fountain) and the new U5 station Rotes Rathaus works (2013-2020). OSM parts within 60 m: 5 with h>=15 m, top 94/74/30/30/30 m. Area: Mitte. M2: use_height false: OSM parts: the tower to its 74 m parapet (parts_in); the top for M4.",building,False
Kollhoff-Tower,Kollhoff Tower (Potsdamer Platz 1),103,roof (EN infobox roof 103 m; spire/antenna 115 m; OSM 115),25,completed,1999,52.508964,13.374944,"Wikipedia EN Kollhoff-Tower infobox (floor_count 25, roof 103 m, antenna_spire 115 m); Wikipedia EN List of tallest buildings in Berlin (raw wikitext, fetched 2026-10-02) (103 m); Wikipedia DE (103 m, with 'Bahntower (103 m)'); OSM w/658563176 (h=115, lv=25) (Overpass maps.mail.ru, base 2026-10-01)","MUST-HAVE. Hans Kollhoff 1998-99, Art-Deco/New York style: red-brown clinker brick + granite base, bronze-framed windows, a stepped crown with a glass pyramid/lantern on top (that is the 115 m tip). DISPUTED 103 (roof) vs 115 (tip with lantern/mast); kept 103 as the roof, OSM parts probably carry the crown: check. Slim 25-storey tower, plan roughly 36 x 36 m [believed], with set-backs at about 3 heights and the sloping 'chimney' roof. A public viewing platform (Panoramapunkt) on the 24th floor with a fast lift [believed]. Brick colour red-brown #8a4a3a (est., see landmark_facades). OSM parts within 60 m: 8 with h>=15 m, top 79/79/79/79/79/79/76 m. Area: Tiergarten.",building,True
Bahntower (Deutsche Bahn Tower),"Bahntower (DB Tower, Potsdamer Platz)",103,"top (EN list 103; EN infobox roof 94 m, spire 103)",26,completed,2000,52.509667,13.375019,"Wikipedia DE Bahntower ('Gesamthoehe von 103 Metern und verfuegt über 26 Etagen', Helmut Jahn, built 1998-2000 by Hochtief/Kajima); Wikipedia EN infobox (roof 94 m, antenna 103 m); OSM w/11080117 (h=103, lv=26) (Overpass maps.mail.ru, base 2026-10-01)","MUST-HAVE. Helmut Jahn (Murphy/Jahn), part of the Sony Center triangle: a glass-and-steel tower with a curved (cylindrical) west face and a stepped crown; floors 26 (OSM 26); it is the tip of the triangle of the Sony Center plot at the Potsdamer Straße / Bellevuestraße corner. Facade: blue-green glass curtain wall on a steel frame with thin aluminium fins [believed]; the crown steps up in two stages with an open steel frame (the 'tiara') [believed]; DB logo on top, lit at night. 94 vs 103 m: the 94 m is the roof, the rest is the crown/mast. Area: Tiergarten. M2: use_height false: the LoD2 laser height (2021) of its own parts is better than the list on a matched piece (checks/buildings.md §3).",building,False
Sony Center (Dach),Sony Center (tent roof),67,"top of the fabric roof (DE: up to 67 m high, up to 102 m long)",,completed,2000,52.510551,13.371819,"Wikipedia DE Sony Center ('Das Dach erreicht eine Höhe von bis zu 67 und eine Länge von bis zu 102 Metern'); Helmut Jahn; ~132,500 m2 gross floor area; OSM ids w/13649546(h=- lv=12) (Overpass maps.mail.ru, base 2026-10-01)","MUST-HAVE. STRUCTURE on top of an oval forum (the Sony Center plaza, ~ 4,000 m2 [believed], 10 m below street level for the lowest level, with a fountain): a tent roof of PTFE-coated glass-fibre fabric on a steel ring and radial cables, a 'Mt Fuji' cone shape with a skylight oculus, partially lit from within in the colours of Sony's programme at night. The surrounding buildings (Bahntower, the glass office wings 8-12 storeys, the Kaisersaal and Esplanade facade preserved from the pre-war Hotel Esplanade, moved 75 m in 1996) form a triangle. OSM: the Sony Europa Zentrale (w/13649546, 12 levels) and the surrounding wings; the roof itself is not in OSM [believed]. Model as a [[structures]] cone/shell of fabric (mean #cdd3d6 sunlit, #f2ead2 lit at night [believed]). Area: Tiergarten.",structure,False
Gedächtniskirche Ruine (alter Turm),"Kaiser Wilhelm Memorial Church, ruined old spire",71,top of the stump (OSM 71; EN list 71; before 1943 113 m),,completed (ruin since 1943),1895,52.504778,13.335185,"OSM w/15218373 (h=71, tower, historic church); Wikipedia EN List of tallest buildings in Berlin (raw wikitext, fetched 2026-10-02) (Kaiser Wilhelm Memorial Church 71 m, 'Former height 113 meters'); Franz Schwechten 1891-95, church dedicated 1895 (Overpass maps.mail.ru, base 2026-10-01)","MUST-HAVE. The shell of the Neo-Romanesque church's west tower, 71 m, roof torn off by bombing on 23 Nov 1943 (jagged top). Weathered grey-brown tuff/sandstone with mosaic hall at the base (the 'Gedächtnishalle', the old entrance porch, inside Hall with golden mosaics). An octagonal stair-turret and the broken spire silhouette; the old nave is gone (replaced by Eiermann's new church). OSM parts within 60 m: 33 with h>=15 m, top 71/71/71/70/64/64/60 m. Area: Charlottenburg (east of 13.3055). M2: use_height false: the LoD2 stump (61 m); the broken spire for M4.",building,False
Neue Kaiser-Wilhelm-Gedächtniskirche (Oktogon und Glockenturm),"Kaiser Wilhelm Memorial Church, new octagon and bell tower",53.5,bell tower (OSM 53.5); the octagon is 35 m in diameter and 20.5 m high (Wikipedia EN),,completed,1963,52.504722,13.335537,"OSM w/15218372 'Neuer Glockenturm' (h=53.5, lv 18) and w/15218371 'Neue Kaiser-Wilhelm-Gedächtniskirche' (h=22, lv=7); Egon Eiermann 1959-63; Wikipedia EN style Modernist; Wikipedia EN: concrete honeycomb walls with 21,292 stained glass inlays by Gabriel Loire, predominantly blue with small areas of ruby red, emerald green and yellow (Overpass maps.mail.ru, base 2026-10-01)","MUST-HAVE. Modernist: an octagonal concrete prism (the church, 35 m across, 20.5 m high [EN; OSM 22]), a hexagonal bell tower (53.5 m), a smaller foyer/chapel; honeycomb-pattern concrete walls with thousands of small blue glass inserts (dichroic: the walls glow deep cobalt blue at dusk and night, #2a4fb0 [believed]; by day the walls are grey concrete with blue dots). Roof flat. Next to the old spire (71 m), forming the Breitscheidplatz ensemble; the Europa-Center and Zoofenster loom behind. OSM parts within 60 m: 33 with h>=15 m, top 71/71/71/70/64/64/60 m. Area: Charlottenburg (east of 13.3055). M2: use_height false: the LoD2 laser height (2021) of its own parts is better than the list on a matched piece (checks/buildings.md §3). M2 fix round: the point moved onto the hexagonal bell tower (the LoD2's 51.7 m solid, 97 m²: it was in the table all along; the row had matched the 21 m octagon).",building,False
Siegessäule,Victory Column (Siegessäule),67,top of the Victoria (EN 67 m),,completed,1873,52.514511,13.35011,"Wikipedia EN Berlin Victory Column (height 67 m); Wikipedia DE (Viktoria 8.32 m and 35 t bronze figure; viewing platform 50.66 m above ground, 285 steps; base widened by 6.5 m in 1938-39 and a fourth column drum added); OSM w/718035022 (monument) (Overpass maps.mail.ru, base 2026-10-01)","MUST-HAVE. STRUCTURE: a column, not a box: a red granite base (square, with mosaic frieze and bronze reliefs), a colonnade ring of columns (the 'Säulenumgang') on top of the base [believed], then a column shaft with 4 drums, each ringed by three rows of gilt cannon barrels (captured cannon, gold-bronze), a gilded bronze Victoria (8.32 m, 35 t, DE) with a laurel wreath and an Iron Cross staff. Moved from the Reichstag square to the Großer Stern in 1938-39. Stands on a traffic island with 5 streets, the Tiergarten. OSM DOES model the column as a stack of 119 parts within 40 m (min_height ladder 0.36 m steps to 1.8, then 9.2-11.2, 11.2-15.9 (17 ring parts), 15.9-45.5 in steps, golden cannon-barrel bands 45.5-48.0 (20 parts, building:colour #FFD700), 48-52.5, 52.5-53.5, 53.5-55, and w/103812715 55-58.59 with roof:shape=dome and roof:colour #33CC99), so the extruded stack is already a column to 58.59 m; the real total is 67 m with the 8.32 m Victoria: the top of the OSM stack stops about 8 m short, so the Victoria is probably missing or merged in the last dome part [believed]. Check on the built table; a [[structures]] figure for the figure itself is optional. OSM parts within 40 m: 112 with h>=15 m, top 58.59/55/53.5/52.5/48/48/48 m. Area: Tiergarten. M2: feature building until M4: built from OSM parts (58.6 m); Victoria for M4.",building,False
Berliner Hauptbahnhof,Berlin Hauptbahnhof (central station),46,top of the two 'Bügel' office buildings (DE: 46 m above street level),,completed,2006,52.525014,13.36945,"Wikipedia DE Berlin Hauptbahnhof (Bügelbauten 46 m high, upper hall 321 m long, glass roof, 'Höhenunterschied zwischen der obersten und untersten Ebene 25 m'; platform hall 140 m long 11 m high 19 m wide); OSM r/3600565 (h=23, lv=3); gmp architekten (Meinhard von Gerkan), opened 26 May 2006 (Overpass maps.mail.ru, base 2026-10-01)","MUST-HAVE. Crossing of two levels of railway: the east-west upper level on a viaduct with a barrel-vaulted glass roof (321 m long [DE]) over the Stadtbahn tracks, and the north-south lower level in a tunnel (platforms 430 m, DE). Two bridge-like (Bügel) glass-and-stone office blocks span the tracks north-south at the east and west ends, 46 m above the street, their 'floating' tops tilted (one end cantilevered: the east/west offset of 5 degrees [believed]). OSM only knows 23 m for the main building: the hall and the Bügel need a figure (lathe/barrel hall + 2 slabs). Facade: glass and light grey natural stone, glass roof with photovoltaic strips [believed]. Hbf plaza (Washingtonplatz) in front, the Spree and the Kanzleramt to the east. Area: Moabit. M2: use_height false: the LoD2 laser heights (Bügel 50-54 m).",building,False
Oberbaumbrücke,Oberbaum Bridge,34,"top of the brick towers (towers 34 m, Wikipedia DE)",,completed,1896,52.501733,13.445661,"OSM w/288514442 (man_made=bridge, h=6), w/4686103/4 (ways); Wikipedia DE Oberbaumbrücke (neo-Gothic 1894-96; seven vaults with openings 7.5, 16, 19, 22, 19, 16, 7.5 m = 107 m; piers and spandrels in concrete, the rest reinforced brick masonry; missing parts completed by Santiago Calatrava 1992; deck area 1,490 m2) (Overpass maps.mail.ru, base 2026-10-01)","MUST-HAVE. STRUCTURE (bridge): two-level brick bridge across the Spree between Kreuzberg and Friedrichshain: a neo-Gothic brick arcade (Otto Stahn, 1894-96) carries the U1/U3 'Hochbahn' on top of the roadway; two brick towers over the middle arch (34 m each, DE; modelled on the Prenzlau town-wall gate tower, with projecting wall-walks and pinnacles); the central section replaced by a Calatrava steel span (the original was blown up in 1945; Wikipedia DE: missing parts completed by Calatrava 1992). OSM models the two towers as cone parts w/373626459 and w/1547500040 (34 m, roof:shape=cone), with 26 m flat bases (w/373626457/62) and 20 m pyramidal pinnacles (w/1013505135/6, min 14.5, brick). Colour: red-brown brick #8a5a45 with grey stone trims [believed], the Calatrava part pale grey steel. Total length about 150 m [believed]. The roadway deck is ~ 8 m above the water, the U-Bahn deck another ~ 6 m above that [believed]. OSM parts within 80 m: 11 with h>=15 m, top 34/34/26/26/20/20/18 m. Area: Friedrichshain.",bridge,False
Humboldt Forum (Berliner Schloss),Humboldt Forum (Berlin Palace reconstruction),70,"top of the dome cross (ESTIMATED; OSM building 32 m, dome in parts)",4,completed,2020,52.517216,13.401609,"OSM r/3007958 (h=32, lv=4, 'Berliner Schloss'); Franco Stella architect (EN infobox); Wikipedia DE Humboldt Forum (opened in stages from Dec 2020; Kuppel by Stülers design); dome height recalled ~70 m [believed: unverified here] (Overpass maps.mail.ru, base 2026-10-01)","MUST-HAVE. Reconstruction of the Hohenzollern palace: three Baroque facades (Schluter's design, reconstructed in plaster/sandstone on a concrete shell: north, west (Schlossplatz portals), south) in beige-ochre plaster with sandstone pilasters and balustrades, and a modern east facade (Stella: plain grey-white concrete/sandstone grid facing the Spree). Courtyard (Schluterhof) with Baroque facades on three sides, and the Eosander portal in the west. DOME over the west portal, ~ 70 m with its cross [believed, not verified]; a roof terrace with restaurant at 30 m (DE); the dome and its tambour in green patina copper and beige. Plan about 192 x 116 m [believed]. Total height of the main body ~ 30 m [OSM 32]. Roofs: dark hipped, courtyard. OSM parts within 100 m: 4 with h>=15 m, top 70/64/48/32 m. Area: Mitte. M2: use_height false: the LoD2 body (31 m); the dome for M4.",building,False
Park Inn Hotel Alexanderplatz,Park Inn by Radisson Berlin Alexanderplatz,125,"roof (EN list 125; EN infobox roof 125 m, spire 149.5 m)",41,completed,1969,52.522845,13.412788,"Wikipedia EN List of tallest buildings in Berlin (raw wikitext, fetched 2026-10-02) (125 m, 1967-69); Wikipedia EN infobox (floor_count 41, roof 125, antenna_spire 149.5); OSM w/23723125 (3 levels: the low block); the tower part is not tagged in OSM (Overpass maps.mail.ru, base 2026-10-01)","MUST-HAVE. OSM parts near the tower: w/24045068 0-125 m glass (the slab), w/225951061 125-127 (light grey metal, #cbcac3), w/183155966 127-132 (grey metal #9a9fa0): the crown/sign bands, so OSM's top is 132 m (the EN infobox 149.5 m includes the mast). Former 'Interhotel Stadt Berlin' (GDR), a 41-storey slab (a slender slab on a low podium; plan dimensions not verified), vertically-ribbed blue-grey panels; the lit 'PARK INN' lettering at the top; roof with plant rooms. The tallest 'high-rise' in Berlin until 2023 (EN). Neighbours: Haus des Lehrers (54 m, mural frieze), Haus des Reisens (67 m). OSM parts within 60 m: 3 with h>=15 m, top 132/127/125 m. Area: Mitte.",building,True
Atrium Tower (debis-Haus),"Atrium Tower (Daimler/debis Haus, Potsdamer Platz)",106,roof (DE 106; EN list 106),30,completed,1997,52.506029,13.372893,"Wikipedia DE Atrium Tower ('Mit 106 Metern Höhe das neunthoechste Hochhaus der Stadt', plan tapering to the south, 82 m long); Wikipedia EN List of tallest buildings in Berlin (raw wikitext, fetched 2026-10-02) (106 m, 1993-97); OSM w/22989918 (lv=30, no height); Renzo Piano with Christoph Kohlbecker (Overpass maps.mail.ru, base 2026-10-01)","Renzo Piano's debis quarter, terracotta-and-glass facades; the tower's plan is a long wedge tapering south (82 m long), 106 m. OSM has only 30 levels (no height): give it the landmark height. Terracotta tile cladding (hand-made, ochre-red) with thin steel window frames [believed]. Area: Tiergarten.",building,True
Potsdamer Platz Forum Tower (PwC),Forum Tower (Potsdamer Platz),,,,completed,1998,,,"Wikipedia DE Kollhoff-Tower mentions 'dem von Renzo Piano entworfenen Forum Tower' as part of the debis complex (Overpass maps.mail.ru, base 2026-10-01); no OSM id matched","Height not looked up (no tagged height in OSM near 52.5075,13.373 in the 80 m+ band; [believed] ~ 60-70 m). Not a must-have; kept as a placeholder, use_height False. Part of the debis complex (Renzo Piano) with Atrium Tower and The Playce.",building,False
Beisheim Center (Ritz-Carlton),"Beisheim Center (Ritz-Carlton and Marriott, Potsdamer Platz)",70,roof (EN list 'Beisheim Center - The Ritz-Carlton' 70 m),,completed,2004,52.51032,13.37559,"Wikipedia EN List of tallest buildings in Berlin (raw wikitext, fetched 2026-10-02) (70 m, 2002-04); OSM w/50337991 (Beisheim Center, area; Inge-Beisheim-Platz w/159081777) (Overpass maps.mail.ru, base 2026-10-01)",Hotel and office complex by Hilmer & Sattler und Albrecht (towers) with Kleihues: Ritz-Carlton tower about 70 m with a stone/terracotta-grey facade and a stepped top; Marriott and residential. Unverified OSM id: search 'Beisheim' returned no name tag. [believed] position only. Area: Tiergarten. M2: use_height false: the LoD2 laser height (2021) of its own parts is better than the list on a matched piece (checks/buildings.md §3). M2 fix round: the point moved 43 m onto the Ritz-Carlton tower (the LoD2's 73.3 m).,building,False
Europa-Center,Europa-Center (Breitscheidplatz),103,"total height 103 m (Wikipedia DE: office tower 86 m, Gesamthoehe 103 m; EN list 103; EN intro 86)",21,completed,1965,52.504334,13.338042,"Wikipedia EN List of tallest buildings in Berlin (raw wikitext, fetched 2026-10-02) (103 m, 1963-65 'Tallest high-rise in Berlin in 1965'); OSM w/1054276972 (mall, no height); Helmut Hentrich / Hubert Petschnigg (Overpass maps.mail.ru, base 2026-10-01)","Resolved by Wikipedia DE Europa-Center: office tower 86 m, total height 103 m (with the rooftop Mercedes star and mast), 21 floors, 13,000 m2 office space; the EN intro quotes 86 m, the EN list 103 m. Kept 103 (total), roof 86 m. Charlottenburg (13.338: inside the east clip): a slender square 20-storey slab on a flat podium with a shopping arcade, the rotating Mercedes star (about 15 m, 'Stern' [believed]) on the roof (black/silver, lit at night) and the 'Lüftungsrohr' water clock (Uhr der fliessenden Zeit, 13 m tall [believed]) in the atrium. Facade: plain grey-white metal panels with dark glass strips (the 1960s curtain wall, replaced by mid-tone grey in 2000s [believed]). OSM parts within 60 m: 1 with h>=15 m, top 86 m. Area: Charlottenburg (east of 13.3055). M2: use_height false: the LoD2 tower; the Mercedes star (to 103 m) for M4.",building,False
Zoofenster,Zoofenster (Waldorf Astoria Berlin),118,roof (OSM 118; EN list 119),32,completed,2012,52.505625,13.33279,"OSM w/315777905 (h=118, lv=32) with parts w/226128093/4 and w/364136077/8 (h=119, min 90) and w/125900479 (h=90); Wikipedia EN List of tallest buildings in Berlin (raw wikitext, fetched 2026-10-02) (119 m, 2008-12); Wikipedia EN Waldorf Astoria Berlin (opened 3 Jan 2013, first Waldorf Astoria in Germany) (Overpass maps.mail.ru, base 2026-10-01)","Skidmore Owings & Merrill-style glass tower: a 33-storey hotel/office tower with a two-stage slab; vertical white fins [believed]. The OSM parts show the stacked structure: base 90 m and a top 119 m: 119 vs 118 (OSM outline). Kept 118. OSM parts within 80 m: 14 with h>=15 m, top 119/119/119/119/90/90/84 m. Area: Charlottenburg (east of 13.3055).",building,True
Upper West,"Upper West (Motel One, Breitscheidplatz / Kantstraße)",118,roof (OSM 118; EN list 119),33,completed (opened 3 May 2017),2017,52.504921,13.332844,"OSM w/474901812 (h=118, lv=33); Wikipedia EN List of tallest buildings in Berlin (raw wikitext, fetched 2026-10-02) (119 m, 2013-16); hotel and offices [believed] (Overpass maps.mail.ru, base 2026-10-01)","Designed by Christoph Langhof and KSP Jürgen Engel Architekten (Wikipedia EN); slender glass-and-concrete slab with a staggered facade of ribbon windows: seen from the Kurfürstendamm as a twin of Zoofenster. Parts: see OSM. OSM parts within 80 m: 14 with h>=15 m, top 119/119/90/79/33/31/27 m. Area: Charlottenburg (east of 13.3055).",building,True
Bikini Berlin,Bikini Berlin (Bikinihaus),,,6,completed,1957,52.505722,13.336043,"OSM w/364457341 (mall, lv=6; 'Bikini Berlin'); Paul Schwebes and Hans Schoszberger 1955-57 (Bikinihaus; the open gap of the middle storey gave the name) [believed] (Overpass maps.mail.ru, base 2026-10-01)","Long horizontal 1950s block (about 7-8 storeys? OSM 6 levels) with an open 'bikini' storey, renovated 2014 as a concept mall; looks onto the Zoo, with a green roof terrace (Dachterrasse) toward the Zoo. Cuboid with a regular grid of white-framed windows and rough off-white concrete. No height in OSM: from levels x 3.3 = 20 m. OSM parts within 60 m: 2 with h>=15 m, top 23/19 m. Area: Charlottenburg (east of 13.3055).",building,False
Kudamm-Karree (Fürst Tower),"Kudamm-Karree (Fürst Tower, Kurfürstendamm)",102,roof (EN list 102 m; 1974; being converted),,completed (conversion under way),1974,52.501187,13.323422,"Wikipedia EN List of tallest buildings in Berlin (raw wikitext, fetched 2026-10-02) (102 m, 1974: 'Residential (Currently: Conversion to Fürst Tower and adding floors)'); position [believed] near Lietzenburger Str / Uhlandstr, 52.5035,13.3275 (Overpass maps.mail.ru, base 2026-10-01); no OSM id matched","Slab of 1974, 102 m, currently converted into the 'Fürst Tower' with more floors: not verified in OSM (no height-tagged element found by the name filter). Beyond the Europa-Center the Kurfürstendamm part of the boundary: lon 13.3275 is inside the clip. use_height False until located. Area: Charlottenburg (east of 13.3055). M2 fix round: the point moved ~280 m onto the tower (the LoD2's 91-93 m solids, the Umweltatlas 99 m, 22 storeys).",building,False
Kranzler Eck,Kranzler Eck (Café Kranzler),60,roof (OSM 60 m),16,completed,2000,52.504407,13.329947,"OSM w/22986477 (h='60 m', lv=16); Helmut Jahn 2000 (Kranzler Eck) [believed] (Overpass maps.mail.ru, base 2026-10-01)","Corner block at Kurfürstendamm/Joachimstaler Straße with a rounded glass tower and the old Café Kranzler's rotunda (the 1950s roof 'Kranzler Rotunde') on the top of the base. Glass curtain wall, 16 levels. Area: Charlottenburg (east of 13.3055). M2: use_height false: the LoD2 laser height (2021) of its own parts is better than the list on a matched piece (checks/buildings.md §3).",building,False
Kaiser-Wilhelm-Gedächtnis-Platz: Breitscheidplatz Ensemble,"Breitscheidplatz ensemble (Gedächtniskirche, Europa-Center, Zoofenster)",,,,completed,,52.5049,13.336,"see the rows above (Overpass maps.mail.ru, base 2026-10-01); no OSM id matched",AREA note: the Breitscheidplatz open square is the centre of the Charlottenburg clip; the Christmas market (Dec) and the water-clock; trams do not run here; the pedestrianised Tauentzien/Kurfürstendamm start at the church. Area: Charlottenburg (east of 13.3055).,building,False
Zoologischer Garten Berlin (Elefantentor),Berlin Zoo and Elefantentor (Zoo entrance),10,gate (OSM 10 m),,completed,1899,52.505621,13.339764,"OSM w/26408024 (h=10, Elefantentor); Zoo Palast w/23010077; Zoo Berlin Bhf w/96955257 (h=20, lv=3) (Overpass maps.mail.ru, base 2026-10-01)","Japanese-style elephant gate (Elefantentor) with two stone elephants and a pagoda roof, painted red/gold [believed]; Zoo-Aquarium w/18330093. The Zoo's other buildings are 1-3 storeys among trees; the zoo is a green island of ~ 0.35 km2 [believed]. Zoo station (Zoologischer Garten, S-/regional) w/96955257: a 1980s hall of steel and glass. Area: Tiergarten. M2: use_height false: the LoD2 laser height (2021) of its own parts is better than the list on a matched piece (checks/buildings.md §3).",building,False
Philharmonie Berlin,Berlin Philharmonie (Kulturforum),36,roof peak (ESTIMATED; yellow tent roof ~ 36 m [believed]),,completed,1963,52.509991,13.369593,"OSM r/3626485 (Philharmonie), w/305425477 (Kammermusiksaal); Hans Scharoun 1960-63 (Philharmonie) and 1984-87 (Kammermusiksaal) [believed] (Overpass maps.mail.ru, base 2026-10-01)","Scharoun's asymmetric 'circus tent': a golden anodised aluminium sheet roof in a rising, irregular shape over a concrete body, the vineyard hall inside; the foyer a low, irregular ground storey. Colour: bright gold-yellow #d6b24a (est.). Next to the Kammermusiksaal (same pattern, smaller), the Staatsbibliothek (r/9261463, 12 levels, Scharoun) with long white ribbon facades. OSM parts within 60 m: 36 with h>=15 m, top 34/34/32/32/32/32/32 m. Area: Tiergarten. M2: use_height false: estimated: the LoD2 laser roof.",building,False
Neue Nationalgalerie,New National Gallery,10,OSM 10 m (w/25652321); the roof plate is 64.8 m square (Wikipedia DE),,completed (reopened 2021),1968,52.506981,13.367577,"position from phase0 berlin.md (13.3676, 52.5070); Wikipedia DE Neue Nationalgalerie (granite terrace 105 x 110 m, square roof 64.8 m on a side, glass walls set back 7.2 m all round, 56 upper panes 5.40 x 3.40 m replaced in the renovation); Mies van der Rohe 1965-68; refurbishment by David Chipperfield reopened 2021 [believed]; OSM ids w/25652321(h=10 lv=2) (Overpass maps.mail.ru, base 2026-10-01)","STRUCTURE-like building: a steel-and-glass cube on a granite terrace (105 x 110 m, DE): 64.8 m square roof (a coffered steel plate 1.8 m deep, black, on eight steel columns, two per side), all-glass walls; the lower floor in the plinth. Roof black/dark grey; walls glass with a thin dark mullion frame. No OSM height was found in the filter; set 8.4 m. Area: Tiergarten. M2: use_height false: the LoD2 laser height (2021) of its own parts is better than the list on a matched piece (checks/buildings.md §3).",building,False
Kulturforum Gemäldegalerie / Kunstgewerbemuseum,Kulturforum: Gemäldegalerie and Kunstgewerbemuseum,,,,completed,1998,52.508509,13.364929,"OSM r/3626233 (Gemäldegalerie), r/28134 (Kunstgewerbemuseum) (Overpass maps.mail.ru, base 2026-10-01)","Low brick/stone and ribbon-window museums by Hilmer & Sattler (Gemäldegalerie 1998, a long pale-stone block with a high central glass hall) and Rolf Gutbrod (Kunstgewerbemuseum 1985, brick, 3 storeys). Context, not tall. OSM parts within 40 m: 10 with h>=15 m, top 21/21/20/20/20/18/18 m. Area: Tiergarten.",building,False
Denkmal für die ermordeten Juden Europas,Memorial to the Murdered Jews of Europe (Holocaust Memorial),4.7,top of the tallest stele (ESTIMATED; steles 0.2-4.7 m [believed]),,completed,2005,52.5139,13.378714,"OSM w/172234733 (monument, no height); Peter Eisenman 2005: 2,711 concrete steles (stelae) on 19,000 m2 [believed from memory] (Overpass maps.mail.ru, base 2026-10-01)","STRUCTURE: a field of 2,711 grey concrete blocks (2.38 x 0.95 m, heights 0.2 to 4.7 m) on an undulating ground, in a regular grid 0.95 m apart; model as instanced boxes. Mid-grey concrete #8a8a86 (est.), a small underground info centre. A flat, tree-free plaza between the Tiergarten and Ebertstraße. Area: Mitte.",structure,False
Altes Museum,Altes Museum (Museum Island),25,"roof (ESTIMATED; colonnade height ~ 20 m, rotunda dome ~ 25 m [believed])",2,completed,1830,52.519453,13.398787,"OSM r/3619 (no height); Wikipedia DE Altes Museum ('zweigeschossige Gebäude 87 m lang, 55 m breit'; Schinkel 1825-30) (Overpass maps.mail.ru, base 2026-10-01)","Schinkel's neoclassical museum: an Ionic colonnade of 18 columns (87 m wide front on the Lustgarten) in front of a rectangular block 87 x 55 m, with a central rotunda (Pantheon) under a low dome: the rotunda has a drum raised above the roofline (about 5 m [believed]). Facade plaster/sandstone, light grey-ochre [believed]. OSM parts within 60 m: 2 with h>=15 m, top 30.9/24 m. Area: Mitte. M2: use_height false: estimated: the LoD2 laser roof.",building,False
Neues Museum,Neues Museum (Museum Island),,,4,completed (reopened 2009),1859,52.520184,13.39774,"OSM w/18578139 (lv=4); Friedrich August Stüler 1843-55; David Chipperfield restoration 2009 [believed] (Overpass maps.mail.ru, base 2026-10-01)","Four-storey neo-classical/Romantic block, restored with visible brick patching, a small Greek-key roof, and the Egyptian courtyard; plaster in pale grey-ochre, brick infill reddish. Height from levels x 5 m ~ 22 m [believed]. Area: Mitte.",building,False
Alte Nationalgalerie,Alte Nationalgalerie (Museum Island),,,,completed,1876,52.520834,13.398317,"OSM w/313670733 (civic, museum); Stüler/Strack 1866-76 (Overpass maps.mail.ru, base 2026-10-01)","A raised temple-like front: a high podium with a broad double staircase (the Freitreppe), a Corinthian colonnaded portico on the south, an apse on the north; sandstone-clad, light grey-yellow; the Friedrich Wilhelm IV equestrian statue on the plinth in front. ~ 20 m tall [believed]. OSM parts within 60 m: 2 with h>=15 m, top 20/17 m. Area: Mitte.",building,False
Pergamonmuseum,Pergamon Museum (Museum Island),25,roof (ESTIMATED; OSM 15 m for the east wing),,completed (south wing closed for renovation 2023-2027),1930,52.520912,13.396469,"OSM w/313659704 'Pergamonmuseum' (h=15) and w/235493631 (Pergamon-Panorama); Alfred Messel and Ludwig Hoffmann 1910-30; Wikipedia DE: the south wing closed (Overpass maps.mail.ru, base 2026-10-01)","A U-shaped, three-wing stone block (north wing, east, south) with a wide courtyard open to the Kupfergraben canal to the east, the entrance Ehrenhof with a colonnade on the south; the main hall (Pergamon altar) has a flat saw-tooth skylit roof. Sandstone/limestone, ochre-grey #b9ad94 (est.). A big hall height ~ 25 m [believed]; OSM gives 15 m for one wing. OSM parts within 60 m: 3 with h>=15 m, top 30/25/25 m. Area: Mitte. M2: use_height false: estimated: the LoD2 laser roof.",building,False
Bode-Museum,Bode Museum (Museum Island),40,dome tip (ESTIMATED; main dome ~ 40 m),,completed,1904,52.521655,13.395023,"OSM r/4211594 (civic, museum, no height); Ernst von Ihne 1897-1904 (Overpass maps.mail.ru, base 2026-10-01)","Neo-Baroque triangular-plan museum on the tip of Museum Island (Spree and Kupfergraben both sides): a central rotunda with a green copper dome and a lantern, pedimented portal, three wings. Sandstone facade yellowish grey [believed]; dome green patina copper [believed]. The Monbijou bridge and the S-Bahn viaduct form its background. OSM parts within 60 m: 13 with h>=15 m, top 36/30/20/17/17/17/17 m. Area: Mitte. M2: use_height false: the LoD2 body; the dome for M4.",building,False
James-Simon-Galerie,James-Simon-Galerie (Museum Island entrance),,,2,completed,2018,52.519929,13.397008,"OSM w/194422265 (lv=2); David Chipperfield 2007-18 (Overpass maps.mail.ru, base 2026-10-01)","A new entrance building in a slim 'colonnade': tall thin white concrete columns (about 14 m [believed]) in a row on a plinth, with a flat roof; white-grey concrete; a staircase of the width of a podium. Parallel to the Kupfergraben, west of the Neues Museum, linking the islands (with the Archaeological Promenade). Area: Mitte.",building,False
Zeughaus (Deutsches Historisches Museum),"Zeughaus (German Historical Museum), Unter den Linden",17,roof (OSM 17; the dome not present),2,completed (closed for renovation since June 2021 per Wikipedia DE),1706,52.518098,13.396962,"OSM w/15971186 (h=17, lv=2); Wikipedia DE Zeughaus (built 1695-1706 by Nering, Grünberg, Schlüter and de Bodt; burnt out in WW2, rebuilt 1948-65; closed June 2021 for repairs); the 2003 I. M. Pei Bau (glass curved wing at the back) [believed] (Overpass maps.mail.ru, base 2026-10-01)","Baroque two-storey square plan (90 m sides) around a central glazed court, sandstone and rustication, a frieze of Medusa heads and trophies on the roof; the roof is a steep hipped copper roof [believed]. OSM parts within 60 m: 1 with h>=15 m, top 17 m. Area: Mitte. M2: use_height false: the LoD2 laser height (2021) of its own parts is better than the list on a matched piece (checks/buildings.md §3).",building,False
Neue Wache,Neue Wache (Unter den Linden),13,roof (ESTIMATED; Doric portico block ~ 13 m),,completed,1818,52.517889,13.395536,"OSM w/24240381; Schinkel 1816-18 (memorial to the victims of war and tyranny; Käthe Kollwitz Pieta inside) [believed] (Overpass maps.mail.ru, base 2026-10-01)","Small neoclassical cube with a Doric portico (six columns), sandstone yellow-grey, between the Zeughaus and the Humboldt Univ.; the roof flat. Area: Mitte. M2: use_height false: estimated: the LoD2 laser roof.",building,False
Staatsoper Unter den Linden,Berlin State Opera,27,roof (ESTIMATED),3,completed (reopened 2017 after renovation),1743,52.516693,13.394766,"OSM w/15976892 (lv=3); Knobelsdorff 1741-43; Wikipedia: reconstruction 1951-55 and 2010-17 renovation [believed] (Overpass maps.mail.ru, base 2026-10-01)","Palladian-style opera house with a six-column Corinthian portico on Bebelplatz, the roof a pediment and then the raised stage house; sandstone/plaster, pale cream-grey. Part of the Forum Fridericianum with St Hedwig's cathedral, the Alte Bibliothek (Kommode, w/24247456) and Humboldt University. Area: Mitte. M2: use_height false: estimated: the LoD2 laser roof.",building,False
St.-Hedwigs-Kathedrale,St. Hedwig's Cathedral,36,top of the dome (ESTIMATED; rotunda ~ 33 m interior diameter DE),,completed (rebuilt 1952-63; interior redesigned 2018-24),1773,52.515759,13.394842,"OSM w/58608090 (cathedral, no height); Wikipedia DE St.-Hedwigs-Kathedrale ('Innendurchmesser von 33 Metern'); Knobelsdorff/Legeay 1747-73 (Overpass maps.mail.ru, base 2026-10-01)","Round Pantheon-like church, a rotunda with a low copper dome (green-grey, a lantern) behind a Corinthian portico (six columns) on Bebelplatz; the cathedral's 1960s restoration put a concrete dome inside. The copper dome ~ 36 m [believed], total height ~ 40 m [believed]. Walls plaster, pale ochre-grey. OSM parts within 60 m: 4 with h>=15 m, top 36.5/36/25/22 m. Area: Mitte. M2: use_height false: the LoD2 body; the dome for M4.",building,False
Konzerthaus Berlin (Gendarmenmarkt),"Konzerthaus Berlin (Schauspielhaus, Gendarmenmarkt)",25,roof (ESTIMATED; central block; the pediment top ~ 25 m),4,completed,1821,52.513581,13.391855,"OSM w/217512230 (lv=4); Schinkel 1818-21; reconstructed after WW2 (1984) [believed] (Overpass maps.mail.ru, base 2026-10-01)","Schinkel's theatre between the two churches: a broad pedimented portico (six Ionic columns) on a high stair, a central hall under a gabled roof, two side wings with colonnades. Plaster and sandstone, pale cream-grey #d4cdb8 [believed]; roof slate-grey. Area: Mitte. M2: use_height false: estimated: the LoD2 laser roof.",building,False
Französischer Dom (Gendarmenmarkt),"French Cathedral (Französischer Friedrichstadtkirche), Gendarmenmarkt",70,dome tip (EN list says 78 m for both the French and German cathedral towers; ~ 70 m [believed]),2,completed,1785,52.514398,13.392363,"Wikipedia EN List of tallest buildings in Berlin (raw wikitext, fetched 2026-10-02) (78 m, 1785 for both French and German Cathedral); OSM w/28248283 (lv=2, no height) (Overpass maps.mail.ru, base 2026-10-01)","DISPUTED: the EN list gives 78 m for both domed towers; DE sources 70 m [believed]: kept 70. A domed tower (Gontard 1785) on the south side of Gendarmenmarkt; a low church behind with a Corinthian portico. Tower: sandstone drum with columns, a stone cupola with a gilt Victory statue on top [believed]; cupola grey. OSM parts within 60 m: 2 with h>=15 m, top 40/40 m. Area: Mitte. M2: use_height false: the LoD2 body; the dome tower for M4.",building,False
Deutscher Dom (Gendarmenmarkt),"German Cathedral (Deutscher Dom), Gendarmenmarkt",70,dome tip (EN list 78; ~ 70 m [believed]),2,completed,1785,52.512745,13.392705,"Wikipedia EN List of tallest buildings in Berlin (raw wikitext, fetched 2026-10-02) (78 m, 1785); OSM w/43347270 (lv=2) (Overpass maps.mail.ru, base 2026-10-01)","Mirror twin of the French cathedral on the north side of the square (Gontard 1785), the same dome; contains the 'Deutscher Bundestag' exhibition. Rebuilt 1993 after WW2 ruin. Pale sandstone/plaster. Together with the Konzerthaus: a symmetric Gendarmenmarkt ensemble, ~ 100 x 100 m square. OSM parts within 60 m: 2 with h>=15 m, top 40/40 m. Area: Mitte. M2: use_height false: the LoD2 body; the dome tower for M4.",building,False
Friedrichswerdersche Kirche,Friedrichswerder Church (Schinkel),,,,completed,1830,52.515884,13.397522,"OSM w/24044937; Schinkel 1824-30 (neo-Gothic brick, now a Schinkel museum) (Overpass maps.mail.ru, base 2026-10-01)",Neo-Gothic RED BRICK church with two square towers (~ 40 m [believed]) and crenellations; one of the few red-brick church models. Next to the Foreign Office and the Bauakademie site (the Bauakademie reconstruction: scaffolding/partial; [believed] under construction). Area: Mitte.,building,False
St. Marienkirche (Berlin),"St. Mary's Church (Marienkirche), Alexanderplatz",89.7,tower tip (EN list 89.7),,completed,1789,52.520549,13.407218,"Wikipedia EN List of tallest buildings in Berlin (raw wikitext, fetched 2026-10-02) (89.7 m, '1270, 1789'); OSM w/474111581 (church, no height) (Overpass maps.mail.ru, base 2026-10-01)","A 13th-century hall church, tower with a Gothic Revival top and a copper-green pyramid roof/lantern (Langhans 1790) [believed]; brick and stone, brownish red-grey; in the open park under the Fernsehturm. OSM parts within 60 m: 5 with h>=15 m, top 90/65/50/35/25 m. Area: Mitte. M2: use_height false: the LoD2 body; the spire for M4.",building,False
Nikolaikirche (Nikolaiviertel),St. Nicholas' Church (Nikolaikirche),84.4,tower (OSM 84.4; EN list 84),,completed,1470,52.516815,13.407515,"OSM w/23813200 (h=84.4); Wikipedia EN List of tallest buildings in Berlin (raw wikitext, fetched 2026-10-02) (84 m, 1470); Berlin's oldest church, rebuilt in the 1980s (GDR Nikolaiviertel, Plattenbau 'old-town') (Overpass maps.mail.ru, base 2026-10-01)","Brick Gothic twin spires (the twin towers 1877-78 by Blankenstein: two slender copper-green spires, brick red) over a 13th-c. nave; surrounded by the 1980s Nikolaiviertel (low pastel Plattenbau-neo historical houses). Brick red-brown #8a5b44 [believed]. OSM parts within 60 m: 35 with h>=15 m, top 81.83/81.83/46.83/46.83/40.8/39.5/34 m. Area: Mitte. M2: use_height false: the LoD2 body; the spires for M4.",building,False
Haus des Lehrers,Haus des Lehrers (Alexanderplatz),54,roof (OSM 54),12,completed,1964,52.521236,13.416343,"OSM w/24273222 (h=54, lv=12); Wikipedia DE Haus des Lehrers (1961-64, Kollektiv Hermann Henselmann, socialist modernism; the frieze 'Unser Leben' by Walter Womacka) (Overpass maps.mail.ru, base 2026-10-01)","GDR 12-storey glass curtain-wall slab (Wikipedia DE: 1961-64, socialist modernism) with the frieze 'Unser Leben' by Walter Womacka (a long coloured ceramic band at the second-storey level; the frieze's size 125 m x 7 m is [believed]). Next to the Kongresshalle (round roof, 'Schwangere Auster'-style disc, now bcc). OSM parts within 60 m: 2 with h>=15 m, top 54/18 m. Area: Mitte. M2: use_height false: the LoD2 laser height (2021) of its own parts is better than the list on a matched piece (checks/buildings.md §3).",building,False
Haus des Reisens,"House of Travel (Haus des Reisens), Alexanderplatz",67,roof (OSM 67; EN list 65),17,completed,1971,52.523073,13.416598,"OSM w/24273225 (h=67, lv=17); Wikipedia EN List of tallest buildings in Berlin (raw wikitext, fetched 2026-10-02) (House of Travel 65 m, 1971); Wikipedia DE Haus des Reisens (1969-71, Kollektiv Roland Korn, socialist modernism; relief 'Der Mensch überwindet Zeit und Raum' by Walter Womacka) (Overpass maps.mail.ru, base 2026-10-01)","17-storey office slab of 1969-71 (Wikipedia DE: socialist modernism, Kollektiv Roland Korn) with the relief 'Der Mensch überwindet Zeit und Raum' by Womacka; in refs/alexanderplatz-towers/05 it is two stepped slabs with pale-grey ribbed panels and a lit sign on the roof. Area: Mitte.",building,True
Berliner Congress Center (bcc),"Berlin Congress Center (bcc), former Kongresshalle",8,roof (OSM 8),2,completed,1964,52.52068,13.41645,"OSM w/19001815 (h=8, lv=2); Hermann Henselmann; 1964 the Haus des Lehrers' sister building [believed] (Overpass maps.mail.ru, base 2026-10-01)","A low domed hall (saddle-roof?) with a wide glass ground storey, ~ 8 m [OSM]; a pair with Haus des Lehrers (a plaza between). Wide curved dish roof (fixed). OSM parts within 40 m: 1 with h>=15 m, top 16 m. Area: Mitte. M2: use_height false: the LoD2 laser height (2021) of its own parts is better than the list on a matched piece (checks/buildings.md §3).",building,False
"The Berlinian (Alexanderplatz, MYND-Turm)","The Berlinian (Hochhaus am Alexanderplatz, ex-MYND)",146,roof (OSM 146; EN list 146; planned 134 m originally),33,"under construction (topped out 14 Jan 2026; completion planned 2027, DE says end 2028 for Covivio)",2027,52.522555,13.410756,"Wikipedia EN List of tallest buildings in Berlin (raw wikitext, fetched 2026-10-02) (146 m, 36 floors, 'Topped out'); OSM w/1335157930 (h=146, lv=33, building=office); Wikipedia DE The Berlinian ('Am 14. Januar 2026 feierte das Hochhaus ...' Richtfest; 33 floors, 146 m instead of the planned 134 m; Commerz Real took over from Signa) (Overpass maps.mail.ru, base 2026-10-01)","Next-to-be-tallest high-rise at Alexanderplatz; sits on the corner of Galeria Kaufhof (Dircksen-/Karl-Liebknecht-Straße), Hans Kollhoff's masterplan; as of 2 Oct 2026: shell complete [believed]; for an October-2026 model: include at full height (the crane gone [believed]); designed by Kleihues + Kleihues and optically integrated into the Galeria Kaufhof building (Wikipedia DE); facade not verified. OSM parts within 60 m: 2 with h>=15 m, top 42/42 m. Area: Mitte.",building,True
Covivio Tower (Alexanderplatz) / ALX Tower,"Covivio Tower (Alexanderplatz, ALX)",130,design (EN Wikipedia Alexanderplatz article: 130 m),,under construction (completion planned end 2028 [DE]),2028,52.5215,13.413,"Wikipedia EN Alexanderplatz ('the 130-metre Covivio tower'; 'ALX Tower 134 m' in the EN under-construction table); Wikipedia DE Alexanderplatz (Covivio-Turm completion end 2028; U-Bahn tunnel sinkage 2023-24 fixed) (Overpass maps.mail.ru, base 2026-10-01); no OSM id matched","NOT built in 2026 (foundation phase, partial?): include only if the model wants a crane or a podium; height disputed: 130 m (Wikipedia article) vs 134 m (ALX Tower row in the list). No OSM building found (search 'Covivio|ALX' gave none). use_height False. Area: Mitte. M2: feature construction: not built at the LoD2 scan nor finished; no building takes its name.",construction,False
Hochhaus am Alexanderplatz (Hines / Alexander Tower),Hines Alexander Tower (next to Alexa),150,"design (EN list: 150 m, 35-39 floors, 'MonArch Turm')",39,under construction (building start 2025 per Wikipedia DE; not complete),,52.5195,13.4195,"Wikipedia EN List of tallest buildings in Berlin ('Hines Hochhaus Berlin 150 m 39 floors', 'Alexander A. Tower, MonArch Turm 150 m 35 floors 2021'); Wikipedia DE Alexanderplatz ('Baustart für das Wohnhochhaus von Hines war dann 2025') (Overpass maps.mail.ru, base 2026-10-01); no OSM id matched",NOT built in Oct 2026 (just started [believed]); two planned 150 m towers on sites D4 (Alexanderstraße/Otto-Braun-Straße) and next to Alexa; positions approximate. use_height False. Area: Mitte. M2: feature construction: not built at the LoD2 scan nor finished; no building takes its name.,construction,False
Alexa / Alexanderplatz Galeria,Galeria Kaufhof Alexanderplatz (Kaufhaus) and the Alexa mall,42,roof (OSM 42),6,completed (Galeria; the Alexa mall 2007),1970,52.522421,13.411652,"OSM w/23723115 'Galeria' (h=42, lv=6); the former Centrum Warenhaus, Josef Kaiser 1970 [believed]; honeycomb aluminium facade until the renovation; the new stone facade seen in a 2024 photo (Overpass maps.mail.ru, base 2026-10-01)","A 42 m block; the old windowless aluminium honeycomb facade has been replaced by a pale cream stone-grid facade (refs/alexanderplatz-towers/06, 2024), plan about 100 x 100 m [believed]; the extension by 20 m integrates the Berlinian tower on the corner (Wikipedia DE). OSM parts within 60 m: 4 with h>=15 m, top 42/42/42/40 m. Area: Mitte.",building,True
Weltzeituhr Alexanderplatz,"World Clock (Urania-Weltzeituhr), Alexanderplatz",10,top of the clock (ESTIMATED; 10 m [believed]),,completed,1969,52.521162,13.413306,"OSM w/417529567 (roof, h=0 min); Erich John 1969 (rotating cylinder with 148 cities, steel + aluminium, a 'Atom' of the Jupiter orbit at top [believed]) (Overpass maps.mail.ru, base 2026-10-01)","STRUCTURE: a cylinder of 24 time-zone segments, about 10 m tall [believed], with a 'Jupiter's orbit' steel model above: a small figure, not needed in the main city. Area: Mitte.",structure,False
Bahnhof Alexanderplatz,"Alexanderplatz station (S-Bahn Stadtbahn, U2/U5/U8)",,,2,completed,1882,52.521499,13.411226,"OSM w/20144781 (train_station, lv=2) (Overpass maps.mail.ru, base 2026-10-01)","The main interchange: the S-Bahn on its brick viaduct (the Stadtbahn, 1882) with a 1960s-70s glass/steel roof hall [believed]; tram stops on the square. Area: Mitte.",building,False
Bundeskanzleramt,Federal Chancellery (Bundeskanzleramt),36,"roof of the central block (OSM part 36 m, lv=9)",9,completed,2001,52.52016,13.368164,"OSM w/157390075 (outline, no height) and part w/157390074 (h=36, lv=9); Axel Schultes and Charlotte Frank 2001; Spreebogen (Overpass maps.mail.ru, base 2026-10-01)","White-grey concrete and glass: a central 9-storey block (36 m, 'Waschmaschine' with big round windows on the north/south faces) between two lower ~ 5-storey office wings (the 'Bürotrakte', long white bars with ~ 3.5 m round windows) with a forecourt (Ehrenhof) open to the Spree park; north-south axis crossing the Spree; the Kanzleramtssteg footbridge (w/1537509947, h20) to the north. Total plan about 186 x 100 m [believed]. Cream-white exposed concrete, big glass: #c9c7bf (est.). OSM parts within 60 m: 1 with h>=15 m, top 18 m. Area: Tiergarten. M2: use_height false: the LoD2 laser height (2021) of its own parts is better than the list on a matched piece (checks/buildings.md §3).",building,False
Paul-Löbe-Haus,"Paul-Löbe-Haus (Bundestag offices, Band des Bundes)",23,roof (OSM 23),7,completed,2001,52.520151,13.374976,"OSM r/3349 (h=23, lv=7); Stephan Braunfels 2001 (Overpass maps.mail.ru, base 2026-10-01)","Long (about 250 m [believed]) mirror-image glass-and-white-concrete blocks: two long office bars joined by a stack of glass-roofed 'Treppen' bridges, with a big circular stair and lecture halls on the west end; the north-south axis across the Spree with Marie-Elisabeth-Lüders-Haus. Facade: glass, white-grey stone strips. OSM parts within 60 m: 6 with h>=15 m, top 23.5/23/23/23/23/23 m. Area: Tiergarten. M2: use_height false: the LoD2 laser height (2021) of its own parts is better than the list on a matched piece (checks/buildings.md §3).",building,False
Marie-Elisabeth-Lüders-Haus,"Marie-Elisabeth-Lüders-Haus (Bundestag library, Spree east bank)",36,top of the round tower (DE: 36 m Rundturm),,completed,2003,52.520155,13.378003,"OSM r/3343 (no height); Wikipedia DE Marie-Elisabeth-Lüders-Haus ('ein 36 Meter hoher Rundturm und der repräsentative Eingangsbereich'); Stephan Braunfels 2003 (Overpass maps.mail.ru, base 2026-10-01)","Part of the Band des Bundes on the Spree's east bank (Reichstag Ufer): a rectangular block with the 36 m round library tower (a drum with a glass lantern roof) and a large rotunda entrance; facing across the Spree the Paul-Löbe-Haus. The Spree bank between them: the Marie-Elisabeth-Lüders-Steg (w/188518511). OSM parts within 60 m: 7 with h>=15 m, top 24/23.5/23/23/23/23/18 m. Area: Mitte. M2: use_height false: the LoD2 laser height (2021) of its own parts is better than the list on a matched piece (checks/buildings.md §3).",building,False
Jakob-Kaiser-Haus,Jakob-Kaiser-Haus (Bundestag offices),,,6,completed,2001,52.518397,13.378863,"OSM r/374391 (lv=6), r/3203717 (lv=7) (Overpass maps.mail.ru, base 2026-10-01)","Group of buildings south-east of the Reichstag (the Luisenblock, the old Dorotheenblock) behind the Spree; 6-7 levels, 25 m [levels x 3.5]. Mix of old brick Bundestag buildings and new glass: context. Area: Mitte.",building,False
Haus der Kulturen der Welt,House of World Cultures (HKW),20,roof (ESTIMATED; the saddle roof peaks at ~ 20 m [believed]),2,completed,1957,52.518739,13.364852,"OSM w/1065864180 (lv=2); Hugh Stubbins 1957 (Kongresshalle, 'schwangere Auster'; roof collapse 1980, rebuilt 1987) (Overpass maps.mail.ru, base 2026-10-01)","A saddle-roofed concrete shell (two outward-curving arches, 'the pregnant oyster') over a wide glass hall, a reflecting pool with Henry Moore's 'Large Divided Oval: Butterfly' (bronze), and a free-standing carillon (a short tower) next to it; light grey concrete + glass. OSM parts within 60 m: 3 with h>=15 m, top 20/19.5/15 m. Area: Tiergarten. M2: use_height false: estimated: the LoD2 laser roof.",building,False
Schloss Bellevue,Bellevue Palace (Schloss Bellevue),20,"roof (ESTIMATED; OSM says 10, probably wrong)",3,completed,1786,52.517253,13.353151,"OSM w/1034456118 (castle, h=10: too low); Michael Philipp Boumann 1785-86, seat of the Federal President (Overpass maps.mail.ru, base 2026-10-01)","OSM HEIGHT SUSPECT (10 m): the three-storey neoclassical palace (a main block with wings, 'Hufeisen' plan) is ~ 20 m [believed]; pale yellow plaster with white pilasters, a slate roof. In the Tiergarten at the Spree, near the Großer Stern / Siegessäule. Area: Tiergarten. M2: use_height false: estimated: the LoD2 laser roof.",building,False
Bundesrat (Preussisches Herrenhaus),Bundesrat building (former Prussian House of Lords),25,roof (ESTIMATED),4,completed,1904,52.509285,13.381259,"OSM w/11688785 (lv=4); Friedrich Schulze 1899-1904 (Herrenhaus), Bundesrat since 2000 (Overpass maps.mail.ru, base 2026-10-01)","Neo-Baroque stone building on Leipziger Straße (Mitte/Tiergarten border) with a new glass plenary hall in the courtyard; light grey sandstone, a mansard roof [believed]. Area: Mitte. M2: use_height false: estimated: the LoD2 laser roof.",building,False
Hamburger Bahnhof,Hamburger Bahnhof (Museum für Gegenwart),25,roof (ESTIMATED; the central hall ~ 25 m),2,completed,1847,52.52868,13.371794,"OSM w/175464203 (lv=2); 1846-47 classicist railway station, museum since 1996 (Overpass maps.mail.ru, base 2026-10-01)","A three-sided former terminus: a pale-yellow plaster/brick central block with a big arched hall and two side wings; behind it the long glass-roofed Rieckhallen (red brick); north of the Hbf in Moabit/Mitte, bordering the new Europacity quarter. Area: Moabit. M2: use_height false: estimated: the LoD2 laser roof.",building,False
Einz Tower,"Einz Tower (Heidestraße, Europacity)",84,roof (OSM 84),22,completed,2024,52.527373,13.369377,"OSM w/1193121998 (h=84, lv=22; 'Einz Tower'); Wikipedia EN List of tallest buildings in Berlin (raw wikitext, fetched 2026-10-02) lists 'Hochhaus am Europaplatz' 84 m 2023 (same height; may be the same or the neighbour) (Overpass maps.mail.ru, base 2026-10-01)","Europacity high-rise north of the Hbf: 22 levels, 84 m; the EN list's 'Hochhaus am Europaplatz' (84 m, 2023, Office) is probably this building [believed]; neighbours Cube Berlin and Tour Total. Area: Moabit.",building,True
Cube Berlin,Cube Berlin (Washingtonplatz),43.8,roof (OSM 43.8),11,completed,2020,52.523554,13.369218,"OSM w/624737072 (h=43.8, lv=11); 3XN 2020 (Overpass maps.mail.ru, base 2026-10-01)","Glass cube on Washingtonplatz opposite the Hbf, a faceted all-glass 11-storey volume in reflective, slightly green-blue glass with a white-framed grid. Pure glass: very reflective at dusk. Area: Moabit.",building,True
Tour Total,Tour Total (Europacity),69,roof (EN list 69; '2010-12'),,completed,2012,52.5282,13.37,"Wikipedia EN List of tallest buildings in Berlin (raw wikitext, fetched 2026-10-02) (Tour Total 69 m, 2010-12); position [believed] ~ 52.5282,13.3700 (Heidestraße): OSM name not matched (Overpass maps.mail.ru, base 2026-10-01); no OSM id matched","Slender office tower on Heidestraße, glass with a stone-grey base; at the Hbf north. No OSM id. Area: Moabit. M2: use_height false: the LoD2 laser height (2021) of its own parts is better than the list on a matched piece (checks/buildings.md §3).",building,False
Upbeat (Moabit),Upbeat Berlin (Moabit),82,roof (EN list 82; OSM lv=19),19,completed,2025,52.536527,13.360891,"Wikipedia EN List of tallest buildings in Berlin (raw wikitext, fetched 2026-10-02) (Upbeat 82 m, 2025; 19 floors); OSM w/1214009386 (lv=19, no height) (Overpass maps.mail.ru, base 2026-10-01)","Office tower at the north-east bank of the Spree in Moabit: 19 floors; 82 m. Position per OSM w/1214009386 (52.5365, 13.3609): inside Moabit. OSM parts within 40 m: 2 with h>=15 m, top 82/44.5 m. Area: Moabit.",building,True
Charite Bettenhochhaus (Campus Mitte),Charite Bettenhochhaus (hospital tower),82,roof (EN list 82; OSM part 84),21,completed,1982,52.526621,13.379681,"Wikipedia EN List of tallest buildings in Berlin (raw wikitext, fetched 2026-10-02) (Charite main hospital 82 m, 1977-82); OSM w/26211974 (h=75, lv=21) and part w/950109396 (h=84); 'DISPUTED 75 / 82 / 84' (Overpass maps.mail.ru, base 2026-10-01)","A cruciform 21-storey hospital block on Luisenstraße in Mitte, GDR 1980s: white-grey panels with a blue-grey strip band; a prominent landmark west of the Hbf. DISPUTED (OSM 75 outline, 84 part vs 82 EN list): kept 82. OSM parts within 60 m: 2 with h>=15 m, top 84/25 m. Area: Mitte. M2: use_height false: the LoD2 laser height (2021) of its own parts is better than the list on a matched piece (checks/buildings.md §3).",building,False
Axel-Springer-Hochhaus,Axel Springer House (Axel-Springer-Hochhaus),78,roof (OSM 78; EN list 78),19,completed,1966,52.507626,13.39763,"OSM w/32698103 (h=78, lv=19); Wikipedia DE Axel-Springer-Hochhaus ('19-geschossige und 78 Meter hohe Hochhaus' inaugurated 6 Oct 1966); Wikipedia EN List of tallest buildings in Berlin (raw wikitext, fetched 2026-10-02) (78 m, 1959-64); Axel-Springer-Neubau (OSM w/699704420, 2020, OMA) (Overpass maps.mail.ru, base 2026-10-01)","A 19-storey slab on Axel-Springer-Straße at the old border (Kreuzberg/Mitte), golden-anodised aluminium panels on the west facade (the 'goldenes Haus'; now a lighter bronze), with the ticker LED band on top. The new 2020 OMA building next door: a twisted glass 'atrium' block. Area: Kreuzberg.",building,True
Gedenkstätte Berliner Mauer (Bernauer Straße),Berlin Wall Memorial (Bernauer Straße),5,"wall panels ~ 3.6 m, watchtower",,completed,1998,52.535305,13.389544,"OSM w/45664094 (Dokumentationszentrum, lv=4), w/53333454 (Besucherzentrum); Wikipedia DE (the 'Hinterlandmauer' remains) (Overpass maps.mail.ru, base 2026-10-01)","STRUCTURE row for the wall strip: a preserved section of the border strip with a rusted-steel memorial wall and a watchtower, ending at the Chapel of Reconciliation; context for northern Mitte; wall segments about 3.6 m high [believed]. AREA TEST: BORDERLINE outside (27 m from the boundary polygon).",structure,False
EDGE East Side Tower,EDGE East Side Tower (Amazon Berlin),142,roof (OSM 142; EN list 142),36,completed,2023,52.506016,13.448554,"Wikipedia EN List of tallest buildings in Berlin (raw wikitext, fetched 2026-10-02) (142 m, 2019-2023, 'Main tenant is Amazon', 'Tallest high-rise in Berlin from 2023-2024'); OSM w/1364133390 (h=142, lv=36); DE Treptowers ('142 Meter hohen East Side Towers' ~ 1 km down the Spree) (Overpass maps.mail.ru, base 2026-10-01)","Friedrichshain, Mühlenstraße/Warschauer Brücke: a slender tower (architect not verified) with a stepped glass facade, tallest on the east side; sits next to the East Side Gallery wall and the Uber Arena. Glass, green-blue. Area: Friedrichshain.",building,True
Stream Tower,Stream Tower (Mercedes-Platz),97.5,roof (EN list 97.5; OSM 90),23,completed,2021,52.505192,13.444983,"Wikipedia EN List of tallest buildings in Berlin (raw wikitext, fetched 2026-10-02) (97.5 m, 2019-2021, Office); OSM w/934597750 (h=90, lv=23) (Overpass maps.mail.ru, base 2026-10-01)",DISPUTED OSM 90 vs 97.5; kept 97.5. Office tower at the Mercedes Platz near the Ostbahnhof/Mercedes-Benz Arena. Area: Friedrichshain.,building,True
Spreeturm,Spreeturm (Warschauer Straße),70,roof (OSM 70; EN list 70),20,completed,2020,52.508003,13.438021,"Wikipedia EN List of tallest buildings in Berlin (raw wikitext, fetched 2026-10-02) (70 m, 2020); OSM w/610865491 (h=70, lv=20) (Overpass maps.mail.ru, base 2026-10-01)",Office/residential tower at the Warschauer Brücke; a stack of stepped glass volumes. Area: Friedrichshain.,building,True
Lux-Tower (Rummelsburger Platz),Lux Tower (Lichtenberger / Friedrichshain Ostkreuz),63,roof (OSM 63),16,completed,,52.504318,13.450772,"OSM w/23971070 (h=63, lv=16) (Overpass maps.mail.ru, base 2026-10-01)","16-storey slab near Warschauer Str. (Friedrichshain east edge). Area: Friedrichshain. M2 fix round: use_height False until sourced: no 63 m building within 400 m of the point in OSM or the LoD2 (the row set 63 m on a 3,760 m² 5-storey office at 27.6 m), and its note says Warschauer Str. while its name says Rummelsburger Platz (Lichtenberg). M4 (builder T): resolved as not built / not locatable: no OSM element named Lux(-Tower) within 3 km (local Overpass 2026-10-01; only Rosa-Luxemburg-Platz features), nothing over 55 m within 400 m in the LoD2 or OSM; the row stays off and names nothing.",building,False
Mercedes-Benz Arena / Uber Arena,"Uber Arena (Mercedes-Benz Arena), Friedrichshain",28,roof (OSM 28),,completed,2008,52.50634,13.443759,"OSM w/25007895 (h=28); AEG arena 2008 (Overpass maps.mail.ru, base 2026-10-01)","A big dark facade with a rectangular steel shell near the East Side Gallery and Ostbahnhof (about 190 x 130 m [believed]); glazed foyer with LED ring and the 'Uber Platz'. OSM parts within 40 m: 2 with h>=15 m, top 35/31 m. Area: Friedrichshain. M2: use_height false: the LoD2 laser height (2021) of its own parts is better than the list on a matched piece (checks/buildings.md §3).",building,False
Molecule Man,Molecule Man (Jonathan Borofsky),30,top (DE: 30 m; OSM 30),,completed,1999,52.496963,13.459022,"OSM w/166268035 (h=30); Wikipedia DE Molecule Man ('drei 30 Meter hohe menschliche Figuren aus wetterfesten, gelochten Aluminiumplatten') (Overpass maps.mail.ru, base 2026-10-01)","STRUCTURE (a public sculpture): three 30 m human silhouettes of perforated aluminium plates standing in the Spree on a concrete base, merging at the centre; silver-grey; between Alt-Treptow, Friedrichshain and Kreuzberg. Model as a figure, not a footprint. Area: Friedrichshain.",structure,False
Treptowers,Treptowers (Hochhaus Treptower),125,roof (DE 125; EN list 125; OSM 125),32,completed,1998,52.495419,13.461604,"Wikipedia DE Treptowers ('Der mit 125 Metern Höhe weithin sichtbare Gebäudeteil des eigentlichen Towers steht direkt an der Spree nahe der Elsenbrücke'); Wikipedia EN List of tallest buildings in Berlin (raw wikitext, fetched 2026-10-02) (125 m, 1995-98); OSM w/23971473 (h=125, lv=32), parts w/293499659/60/61 (h=46.2, 11 levels each) (Overpass maps.mail.ru, base 2026-10-01)","Office complex by Gerd Neumann: a stepped tower of 32 floors at the Spree, with a big diagonal 'Rakete'/'Pfeil' plate on the top (a steel tip/frame), plus three 46 m office wings of 11 levels, with the old Elektro-Apparate-Werke buildings. 'Im unteren Drittel sind die Kanten mit Natursteinen verkleidet' (DE): the lower third's corners clad in natural stone, the rest glass. Glass blue-green with white-grey stone. Area: Alt-Treptow.",building,True
East Side Gallery,"East Side Gallery (Mauer, Mühlenstraße)",3.6,"wall height (~ 3.6 m [believed]); length 1,316 m (DE)",,completed (painted 1990),1990,52.5033,13.444299,"Wikipedia DE East Side Gallery ('Länge von 1316 Metern bemalt', 118 artists from 21 countries); OSM w/281256375 (Overpass maps.mail.ru, base 2026-10-01)","STRUCTURE (a wall): 1,316 m of the Hinterlandmauer along the Spree's north bank (Mühlenstraße) between Ostbahnhof and the Oberbaumbrücke; panels of 3.6 m height x 1.2 m width concrete L-sections with murals (colour!). Model as an extruded line (a polyline wall, 3.6 m x 0.4 m) with a texture strip of murals; the river side open, the street side with a green strip. Painting colourful (not documented as hex). Area: Friedrichshain.",structure,False
Türme am Frankfurter Tor (Südturm/Nordturm),Frankfurter Tor towers (Karl-Marx-Allee),68,top (ESTIMATED; 14 levels each; [believed] ~ 68 m with the dome),14,completed,1957,52.515658,13.452512,"OSM w/316933471 'Frankfurter Tor Südturm' (lv=14), w/288230369 'Frankfurter Tor Nordturm' (lv=14); Hermann Henselmann 1953-57; Wikipedia DE Karl-Marx-Allee ('die Turmbauten am Frankfurter Tor und am Strausberger Platz vom Architekten Hermann Henselmann sind die städtebaulichen Höhepunkte') (Overpass maps.mail.ru, base 2026-10-01)","Two twin domed towers flanking the Frankfurter Allee at Frankfurter Tor, in Stalinist neo-baroque (after the Gendarmenmarkt churches): a 14-storey block with a stone-clad base, ceramic-tile upper facade (cream/white Meissen tile) and a copper-green dome with a lantern on top; each ~ 68 m [believed]. Part of the 'Weiße Stadt' ensemble. No OSM height: use 14 x 4.2 + dome. Area: Friedrichshain. M2: use_height false: estimated: the LoD2 body; the domes for M4.",building,False
Karl-Marx-Allee (Stalinallee) Hochhäuser,Karl-Marx-Allee Wohnbauten and Strausberger Platz,35,"cornice (ESTIMATED 35 m), 8-9 storeys; the Strausberger Platz towers ~ 50 m",9,completed,1960,52.518,13.435,"Wikipedia DE Karl-Marx-Allee ('Strausberger Platz', Straßenlänge 830 m [the infobox gives 830 m; the boulevard section Strausberger Platz to Frankfurter Tor is 2.3 km]) (Overpass maps.mail.ru, base 2026-10-01); no OSM id matched","The boulevard is 90 m wide between building fronts, 7-9 storeys (40 m cornice [believed]) clad in light cream/ivory ceramic tiles (Meissen) with stone ground floors and balconies; the Strausberger Platz twin buildings with 'tower' accents (~ 50 m [believed]); Mitte section: Plattenbau of the 1960s (Haus des Lehrers etc.). AREA row; use in the facade/area notes. Area: Friedrichshain.",building,False
Café Moskau,Café Moskau (Karl-Marx-Allee),15,roof (ESTIMATED),2,completed,1964,52.5209,13.4256,"Josef Kaiser 1961-64 [believed]; OSM name not matched in the building list (possibly spelled 'Café Moskau') (Overpass maps.mail.ru, base 2026-10-01); no OSM id matched","Low, long GDR glass restaurant with a stone/mosaic frieze, a bridge, a pedestal. 15 m [believed]. Area: Mitte.",building,False
Kino International,Kino International (Karl-Marx-Allee),15,roof (OSM 15),2,completed,1963,52.520637,13.423009,"OSM w/24240975 (h=15, lv=2); Josef Kaiser and Heinz Aust 1963 [believed] (Overpass maps.mail.ru, base 2026-10-01)",A small modernist cinema with a long cantilevered roof and a glass foyer; opposite Café Moskau. Area: Mitte. M2: use_height false: the LoD2 laser height (2021) of its own parts is better than the list on a matched piece (checks/buildings.md §3).,building,False
Haus der Elektroindustrie,Haus der Elektroindustrie (Karl-Marx-Allee),38,roof (OSM 38),10,completed,1969,52.523822,13.414539,"OSM w/47977095 (h=38, lv=10) (Overpass maps.mail.ru, base 2026-10-01)","1960s GDR curtain wall slab at Alexanderplatz with a metal-and-glass facade; the 'Platz der Vereinten Nationen' ensemble. OSM parts within 30 m: 1 with h>=15 m, top 30 m. Area: Mitte. M2: use_height false: the LoD2 laser height (2021) of its own parts is better than the list on a matched piece (checks/buildings.md §3).",building,False
Haus der Statistik,Haus der Statistik (Alexanderplatz),,,11,completed (being converted),1970,52.522691,13.418254,"OSM w/24271930 (lv=11); the GDR building of the statistics office, the Berlin 'Haus der Statistik' site is being redeveloped 2020s [believed] (Overpass maps.mail.ru, base 2026-10-01)","Long 11-storey GDR slab with a rusty-orange/white panel facade; derelict, being converted into a mixed city centre. 36 m [11 x 3.3]. Area: Mitte.",building,False
Königstadt-Carree,Königstadt-Carree (Prenzlauer Allee/Mollstraße),80,roof (OSM 80; EN list 79),21,completed,2011,52.525415,13.420883,"OSM w/153772875 (h=80, lv=21); Wikipedia EN List of tallest buildings in Berlin (raw wikitext, fetched 2026-10-02) (79 m, 2007-11, Office, Hotel) (Overpass maps.mail.ru, base 2026-10-01)",Tower at the north-east of Alexanderplatz (lat 52.5254: Mitte north of Karl-Marx-Allee): office/hotel high-rise of 2011. AREA TEST: BORDERLINE inside (78 m from the boundary polygon).,building,True
Fernsehturm-Park: Neptunbrunnen und Marx-Engels-Forum,Neptunbrunnen and Marx-Engels-Forum (Fernsehturm park),,,,completed,1891,52.52,13.406,"Reinhold Begas 1891 fountain; Marx-Engels-Forum 1986 [believed] (Overpass maps.mail.ru, base 2026-10-01); no OSM id matched",AREA: park between the Fernsehturm and the Spree with the Neptunbrunnen (bronze fountain) and the Marx-Engels statue; not a building. Area: Mitte.,building,False
Checkpoint Charlie,Checkpoint Charlie (Friedrichstraße),5,booth ~ 3 m; sign and flags,,completed (replica),1961,52.507432,13.390381,"OSM n/417346627 (attraction); the replica of the Allied guardhouse (white shed, sandbags) and the huge photo portraits [believed] (Overpass maps.mail.ru, base 2026-10-01)","STRUCTURE-ish: a replica US guard hut (white wood, sandbags), a sign 'You are leaving the American Sector' on the street; the Berlin Wall Museum building next door (Haus am Checkpoint Charlie, 5 levels). Context. Area: Kreuzberg.",structure,False
Jüdisches Museum Berlin,Jewish Museum Berlin (Libeskind building),15,roof (ESTIMATED; zinc zigzag 2 floors + roof ~ 15 m [believed]),3,completed,1999,52.502284,13.395421,"OSM w/24649550 (lv=2); Wikipedia DE ('Titan-Zink-Fassade, ... Eröffnung am 23. Januar 1999'; Garden of Exile with 49 six-metre concrete stelae on a tilted ground) (Overpass maps.mail.ru, base 2026-10-01)","Daniel Libeskind: a zigzag lightning bolt plan clad in titanium-zinc with sliced windows (diagonal slits): grey metallic #8c9096 (est.), 15 m; the old Baroque Kollegienhaus next to it with a glass courtyard roof (2007, 670 m2). The Garden of Exile: 49 concrete stelae, 6 m tall, planted with oleaster. Area: Kreuzberg. M2: use_height false: estimated: the LoD2 laser roof.",building,False
Flughafen Tempelhof (Terminal und Radarturm),Tempelhof Airport terminal (outside the boundary),71.5,radar tower (OSM 71.5),,completed,1941,52.480684,13.392706,"OSM r/10466358 (airport), w/80728934 (Radarturm, h=71.5); the lat 52.48 sits outside the boundary (Tempelhof/Neukoelln, south of Kreuzberg's 52.485 border) (Overpass maps.mail.ru, base 2026-10-01)","OUTSIDE the boundary: the 1.2 km long curved terminal (Ernst Sagebiel 1936-41; limestone-clad, 300 m radius arc), the airfield (Tempelhofer Feld, 3 km2, flat, the open lawns); not needed for a 3D city of the 7 Ortsteile, but the field is visible as a green void in the south. Notes only; use_height False. AREA TEST: OUTSIDE (419 m from the boundary polygon).",building,False
M50 (Mehringdamm),"M50 Hochhaus (Mehringplatz, Kreuzberg)",89,"roof (OSM 89 m; 23 levels, 'construction')",23,under construction (OSM tag: construction),,52.499777,13.38368,"OSM w/33171141 (h='89 m', lv=23, building=construction, 52.4998,13.3837) (Overpass maps.mail.ru, base 2026-10-01)",A construction in OSM at Mehringdamm / Mehringplatz (Kreuzberg): a tower of 89 m; status as of Oct 2026 not confirmed [believed under construction]; use_height False until verified. Area: Kreuzberg. M2: feature construction: not built at the LoD2 scan nor finished; no building takes its name.,construction,False
Amerika-Gedenkbibliothek,America Memorial Library (AGB),,,6,completed,1954,52.496592,13.39251,"OSM w/16112544 (lv=6) (Overpass maps.mail.ru, base 2026-10-01)","1950s library on Blücherplatz (Kreuzberg): a low-rise modernist glass-and-brick block, white plaster upper blocks. Area: Kreuzberg.",building,False
Berlinische Galerie,Berlinische Galerie (Alte Jakobstraße),,,,completed,1965,52.503902,13.398227,"OSM w/33743630 (Overpass maps.mail.ru, base 2026-10-01)","Former glass warehouse, now a museum; white boxy with a glass facade; context. Area: Kreuzberg.",building,False
Topographie des Terrors / Martin-Gropius-Bau,Topography of Terror and Martin-Gropius-Bau,,,,completed,1881,52.506186,13.384339,"position [believed] 52.5075,13.3835; Martin-Gropius-Bau (1881, Gropius/Schmieden: a sandstone/terracotta Renaissance-style building 3 storeys with a glass atrium roof); Topography of Terror (Peter Zumthor, a stripped concrete-steel box, 2010); OSM ids w/24368681(h=- lv=-) (Overpass maps.mail.ru, base 2026-10-01)",Context: the Martin-Gropius-Bau has a big square hall under a glass roof; terracotta-red brick with sandstone trim. Not matched in the OSM name list. Area: Kreuzberg.,building,False
Anhalter Bahnhof Portikus,Anhalter Bahnhof portico ruin,20,fragment (ESTIMATED),,ruin,1880,52.503678,13.382522,"OSM w/27695497 (portico of the destroyed Anhalter Bahnhof) (Overpass maps.mail.ru, base 2026-10-01)","Ruined brick-and-ceramic portico, a 20 m fragment of the old station facade at Askanischer Platz; a plaza and park behind. Area: Kreuzberg. M2: use_height false: estimated: the LoD2 laser roof.",building,False
Deutsches Technikmuseum,German Museum of Technology (Gleisdreieck),,,,completed,1983,52.497206,13.376498,"position [believed]; Rosinenbomber on the roof (a Douglas C-47 'Candy Bomber', ~ 15 m wingspan [believed]); OSM ids w/31622818(h=- lv=-), n/432666764(h=- lv=-) (Overpass maps.mail.ru, base 2026-10-01)",Brick factory/railway halls with a new 'Ausstellungsgebäude' (glass/aluminium) and a C-47 plane on top; the Landwehrkanal and the U-Bahn viaduct (U1/U3) at the museum's back. Area: Kreuzberg.,building,False
Telefunken-Hochhaus (TU Berlin),Telefunken-Hochhaus (Ernst-Reuter-Platz),77,roof (OSM 77; EN list 80),22,completed,1960,52.512955,13.320018,"Wikipedia EN List of tallest buildings in Berlin (raw wikitext, fetched 2026-10-02) (80 m, 1961, 'Tallest high-rise in Berlin from 1961 to 1965'); OSM w/40452037 (h=77, lv=22) (Overpass maps.mail.ru, base 2026-10-01)","Ernst-Reuter-Platz: a 22-storey office slab from 1960, now TU Berlin: glass-and-ribbed curtain wall. Next to the 'Haus des Handwerks', a ring of 1950s 'Hochhäuser' round the plaza. OSM parts within 60 m: 2 with h>=15 m, top 80/77 m. Area: Charlottenburg (east of 13.3055).",building,True
Technische Universität Berlin (Hauptgebäude),TU Berlin main building and Ernst-Reuter-Platz,35,roof (ESTIMATED),6,completed (rebuilt),1884,52.5124,13.326,"position [believed]; Telekom Innovation Laboratories OSM r/4155696 (h=100, lv=4: the OSM height 100 m is suspect) (Overpass maps.mail.ru, base 2026-10-01); no OSM id matched","TU main building: a large 1879-84 neo-Renaissance block, partly rebuilt after 1945; Ernst-Reuter-Platz (a big circular plaza, 1950s) lies at 13.322, inside the Charlottenburg clip (east of 13.3055). OSM r/4155696 'Telekom Innovation Laboratories' is tagged h=100 lv=4: the height looks wrong (flag). Area: Charlottenburg (east of 13.3055).",building,False
Deutsche Oper Berlin,Deutsche Oper Berlin (Bismarckstraße),30,roof (ESTIMATED),,completed,1961,52.512144,13.308377,"position [believed] 52.5120,13.3100: if lon < 13.3055 the opera is OUTSIDE the clip (~ 13.309: inside by 340 m [believed]); OSM ids n/289404068(h=- lv=-) (Overpass maps.mail.ru, base 2026-10-01)",Modernist 1961 (Fritz Bornemann): a plain stone-clad box with a long flat facade and big glass foyer: pale grey. No OSM id matched. Area: Charlottenburg (east of 13.3055).,building,False
Hansaviertel Hochhäuser (Interbau 1957),"Hansaviertel (Interbau 1957: Niemeyer-Haus, Punkthochhaus, Akademie der Künste)",53,Giraffe-Hochhaus (OSM 53 m),17,completed,1957,52.514815,13.339057,"OSM w/25780509 'Giraffe-Hochhaus' (h=53, lv=17, 52.5148,13.3391); 'OSM w/25779474 (h=51, lv=15), w/25779473 (h=51, lv=16), r/7948981 (h=53, lv=17) are the Hansaviertel slabs' (Overpass maps.mail.ru, base 2026-10-01)","Interbau 1957 high-rises (Alvar Aalto's, Niemeyer's, Gropius's, Bakema's blocks: 8-17 storeys) in a park setting, each with bespoke facade patterns; the AREA preset 'Hansaviertel'. The Giraffe Hochhaus 53 m at 52.5148,13.3391 [OSM]; the rest 51-53 m (15-17 levels). Area: Hansaviertel.",building,True
Schlossbrücke (Marx-Engels-Brücke),Schlossbrücke (Palace Bridge),,deck/structure (bridge),,completed,,52.51768,13.398539,"OSM w/15971197 (bridge way in OSM, not a building) (Overpass maps.mail.ru, base 2026-10-01)","Schinkel 1821-24 [believed]: an arched stone bridge across the Spree/Kupfergraben between Unter den Linden and the Lustgarten with eight white marble statues; Light grey stone, granite parapets. Area: Mitte.",bridge,False
Friedrichsbrücke,"Friedrichsbrücke (Museum Island, Bode Museum)",,deck/structure (bridge),,completed,,52.520474,13.40016,"OSM w/4610599 (bridge way in OSM, not a building) (Overpass maps.mail.ru, base 2026-10-01)","Footway-bridge in OSM; a stone arch bridge at the S-Bahn viaduct, behind the Bode museum, the Hackescher Markt/Monbijou side. Area: Mitte.",bridge,False
Weidendammer Brücke,Weidendammer Brücke (Friedrichstraße),,deck/structure (bridge),,completed,,52.5221,13.388,"OSM w/339201252 (bridge way in OSM, not a building) (Overpass maps.mail.ru, base 2026-10-01)",Cast-iron arch bridge of 1896 [believed] with an ornate iron railing (Prussian eagles) over the Spree at Friedrichstraße station; dark grey-green painted iron. OSM w/339201252 (unclassified way named 'Weidendammer Brücke'). Area: Mitte.,bridge,False
Marschallbrücke,Marschallbrücke (Reichstag Ufer / Dorotheenstraße),,deck/structure (bridge),,completed,,52.519229,13.380229,"OSM w/25945965 (bridge way in OSM, not a building) (Overpass maps.mail.ru, base 2026-10-01)","Stone-faced concrete bridge across the Spree near the Reichstag/Bundestag buildings; footway/cycle tracks, tertiary road; light grey. Area: Mitte.",bridge,False
Moltkebrücke,Moltkebrücke (Spreebogen),,deck/structure (bridge),,completed,,52.521875,13.368768,"OSM w/34833363 (bridge way in OSM, not a building) (Overpass maps.mail.ru, base 2026-10-01)","A sandstone-faced arched bridge of 1891 (Brücke across the Spree between the Hbf and the Kanzleramt: stone arches, red-brown sandstone, balustrade with obelisks [believed]). Area: Moabit.",bridge,False
Kronprinzenbrücke,"Kronprinzenbrücke (Spree, Kanzleramt/Reichstag)",,deck/structure (bridge),,completed,,52.52194,13.375767,"OSM w/963861593 (bridge way in OSM, not a building) (Overpass maps.mail.ru, base 2026-10-01)",Footway/cycleway over the Spree between Paul-Löbe-Haus/Reichstag and the Hbf area [believed rebuilt 1991 as a plain girder bridge]. Area: Mitte.,bridge,False
Gertraudenbrücke,"Gertraudenbrücke (Spree, Fischerinsel)",,deck/structure (bridge),,completed,,52.512457,13.402726,"OSM w/25945727 (bridge way in OSM, not a building) (Overpass maps.mail.ru, base 2026-10-01)",Footway bridge over the Spree arm at Gertraudenstraße/Fischerinsel (OSM w/25945727). Area: Mitte.,bridge,False
Mühlendammbrücke,"Mühlendammbrücke (Spree, Nikolaiviertel)",,deck/structure (bridge),,completed,,52.517093,13.404052,"OSM w/38208961 (bridge way in OSM, not a building) (Overpass maps.mail.ru, base 2026-10-01)",OSM 'Rathausbrücke' w/38208961 (residential) and 'Roßstraßenbrücke' w/339201210; The Mühlendamm is the old Berlin-Coelln crossing [believed]; the Mühlendamm lock is OSM w/131953426. Area: Mitte.,bridge,False
Jannowitzbrücke,Jannowitzbrücke (Spree),,deck/structure (bridge),,completed,,52.514227,13.417863,"OSM w/25086766 (bridge way in OSM, not a building) (Overpass maps.mail.ru, base 2026-10-01)",Steel-girder road and S-Bahn bridge 1930s; the Stadtbahn viaduct S-Bahn station Jannowitzbrücke (w/20144739) on the north bank; concrete beam deck. Area: Mitte.,bridge,False
Schillingbrücke,Schillingbrücke (Spree),,deck/structure (bridge),,completed,,52.509216,13.429271,"OSM w/29548009 (bridge way in OSM, not a building) (Overpass maps.mail.ru, base 2026-10-01)","Beam deck bridge at the Schillingstraße, steel beams with a 1930s stone frame; between Mitte/Fischerinsel and Friedrichshain south. Area: Friedrichshain.",bridge,False
Elsenbrücke,"Elsenbrücke (Spree, Alt-Treptow)",,deck/structure (bridge),,completed,,52.495866,13.463123,"OSM w/4068043 (bridge way in OSM, not a building) (Overpass maps.mail.ru, base 2026-10-01)","A modern 2003 steel arch bridge at the Treptowers (primary road, 3 carriageways); the Treptower Park S-Bahn line next to it. Area: Friedrichshain.",bridge,False
Michaelbrücke,"Michaelbrücke (Luisenstadt, Spree)",,deck/structure (bridge),,completed,,52.512405,13.423145,"OSM w/32590370 (bridge way in OSM, not a building) (Overpass maps.mail.ru, base 2026-10-01)",Beam bridge across the Spree near the Michaelkirche (Mitte/Kreuzberg). Area: Friedrichshain.,bridge,False
Potsdamer Brücke / Landwehrkanal bridges,"Potsdamer Brücke (Landwehrkanal, Potsdamer Straße)",,deck/structure (bridge),,completed,,52.506009,13.368477,"OSM w/16943611 (bridge way in OSM, not a building) (Overpass maps.mail.ru, base 2026-10-01)","Primary road bridge over the Landwehrkanal south of the Kulturforum; the Landwehrkanal has about 40 small stone/steel bridges in Kreuzberg/Tiergarten (Möckernbrücke w/12770224, Hochbahnübergang w/23218755, Admiralbrücke, Oberbaum). Area: Tiergarten.",bridge,False
Hansabrücke / Lessingbrücke / Gotzkowskybrücke,"Hansabrücke, Lessingbrücke and Gotzkowskybrücke (Spree, Moabit/Hansaviertel)",,deck/structure (bridge),,completed,,52.519671,13.337889,"OSM w/24654526 (bridge way in OSM, not a building) (Overpass maps.mail.ru, base 2026-10-01)","Three road bridges across the Spree: Hansabrücke (w/24654526), Lessingbrücke (w/342085671), Gotzkowskybrücke (w/24654535): concrete decks with stone-faced abutments; context for the Hansaviertel/Moabit riverside. Area: Moabit.",bridge,False
Kottbusser Brücke / Skalitzer Hochbahn,Kottbusser Brücke (Landwehrkanal) and Hochbahn Skalitzer Straße,,deck/structure (bridge),,completed,,52.496123,13.420008,"OSM w/981051251 (bridge way in OSM, not a building) (Overpass maps.mail.ru, base 2026-10-01)","The Landwehrkanal Kottbusser Brücke (secondary road, w/981051251); the Hochbahn Skalitzer Straße (w/243900844): see the Hochbahn row. AREA TEST: BORDERLINE inside (52 m from the boundary polygon).",bridge,False
Hochbahn U1/U3 (Kreuzberg Viadukt),Berlin Hochbahn viaduct U1/U3 (Kreuzberg),12,deck height ~ 6-8 m above street; rail head ~ 10 m [believed],,completed,1902,52.499,13.4209,"OSM w/243900844 'Hochbahn Skalitzer Straße' (railway=subway, bridge); Wikipedia DE Oberbaumbrücke ('Hochbahngleise der ersten Berliner U-Bahn-Strecke (heute: Linien U1 und U3)', 1902); Siemens & Halske 1896-1902 (Overpass maps.mail.ru, base 2026-10-01)","STRUCTURE: the U1/U3 'Hochbahn' on its blue-green painted steel viaduct (Hochbahn) along Skalitzer Straße/Gitschiner Straße/Schlesisches Tor to Warschauer Straße, piers every ~ 13-19 m [believed]; pier columns of cast steel, riveted lattice girders, deck 6.5-7 m wide [believed]; the Goerlitzer Bahnhof and Schlesisches Tor stations as brick/iron halls; the viaduct crosses the Oberbaumbrücke. Model as a line figure: steel girder + two rails + pier columns, mid green-grey #4e6a5a [believed]. Area: Kreuzberg.",structure,False
"Stadtbahn-Viadukt (S-Bahn, brick arches)","Berlin Stadtbahn viaduct (S-Bahn brick arches, Mitte)",10,rail head ~ 10 m above the street [believed],,completed,1882,52.5226,13.402,"OSM w/170063224 (S Hackescher Markt), w/20144739 (S Jannowitzbrücke), w/20144781 (Bhf Alexanderplatz); the Stadtbahn 1875-82 [believed] (Overpass maps.mail.ru, base 2026-10-01)","STRUCTURE: the elevated east-west S-Bahn/regional line on a long brick-arch viaduct (the Stadtbahn, 1882) from Zoologischer Garten through Tiergarten, Hbf, Friedrichstraße, Museum Island, Hackescher Markt, Alexanderplatz to Jannowitzbrücke: red-brown brick arches of ~ 8-10 m span, houses and shops in the arches (Hackesche Höfe's S-Bahn arches, 'Stadtbahnbogen'); an iron bridge section at the Spree/Friedrichstraße. Brick #8a5a46 (est.). Area: Mitte.",structure,False
Fischerinsel Wohnhochhäuser,Fischerinsel high-rises (Mitte),63,"roof (ESTIMATED; 21 floors, ~ 63-70 m [believed])",21,completed,1973,52.511958,13.405259,"GDR 1969-73 (Fischerinsel residential high-rise group): [believed]; Wikipedia EN list does not name them in the top 65 m (Leipziger Straße 40-49: 75 m, 1977; 'Rochstraße' 74 m) (Overpass maps.mail.ru, base 2026-10-01); no OSM id matched","Five 21-storey residential towers on the Fischerinsel (and the 25-storey Leipziger Straße slabs, 75 m, 1977 [EN list: 'Leipziger Straße 40/41, 43/44, 46/47, 48/49', 75 m]); concrete panels, repeating balconies; see the Plattenbau family. Position approximate; only the Leipziger Straße row is in the EN list. Area: Mitte. M2 fix round: the point moved ~250 m onto the two 22-storey towers on the Fischerinsel (the LoD2's 68.3 m).",building,False
Leipziger Straße Wohnhochhäuser,"Leipziger Straße high-rises (Mitte, 1977)",75,"roof (EN list 75 m, four slabs 1977)",25,completed,1977,52.5105,13.4005,"Wikipedia EN List of tallest buildings in Berlin (raw wikitext, fetched 2026-10-02) ('Leipziger Straße 40/41, 43/44, 46/47, 48/49', 75 m, 1977, Residential) (Overpass maps.mail.ru, base 2026-10-01); no OSM id matched","Four 25-storey Plattenbau slabs flanking Leipziger Straße, in the Mitte: sand-grey/blue-grey concrete panels with balconies, tallest residential cluster in the area. Approximate position (lat 52.5105, lon 13.4005 [believed]). Area: Mitte.",building,True
Berlin Mitte Plattenbau: Mollstraße and Rochstraße,Rochstraße 9 and Mollstraße Wohnhochhäuser,74.3,"roof (EN list Rochstraße 9, 74.3 m, 1969)",,completed,1969,52.522351,13.404901,"Wikipedia EN List of tallest buildings in Berlin (raw wikitext, fetched 2026-10-02) ('Rochstraße 9', 74.3 m, 1969) (Overpass maps.mail.ru, base 2026-10-01); no OSM id matched","A tall 1969 residential slab at Alexanderplatz north; position not looked up in OSM. M4 (builder T): Rochstraße 9 = OSM w48396674 (building=apartments, 25 levels; local Overpass 2026-10-01): the point is on it; the LoD2 measures 78.9 m (72.5 m eave), kept (use_height False).",building,False
Nikolaiviertel,Nikolaiviertel (Berlin old town replica),,,,completed,1987,52.5167,13.4075,"OSM w/285972948 (Ephraim-Palais); the GDR 1980s 'old town' reconstruction [believed] (Overpass maps.mail.ru, base 2026-10-01)","AREA: a neo-historic quarter of 4-6 storey Plattenbau 'Altstadt' houses, in pastel plaster (yellow, ochre, pink, green) with steep roofs, in narrow lanes: use a pastel preset. Area: Mitte.",building,False
Hackesche Höfe,Hackesche Höfe (Mitte),,,,completed,1906,52.524536,13.401636,"OSM w/337201828 (attraction); Kurt Berndt/August Endell 1906-07 [believed] (Overpass maps.mail.ru, base 2026-10-01)","Eight linked courtyards of Jugendstil glazed brick facades (Endell's courtyard 1 with colourful ceramic tiles); the quintessential Berlin Hinterhof: five storeys round the courts, plaster/clinker with ornamental tiling. Area: Mitte.",building,False
Friedrichstadt-Palast,Friedrichstadt-Palast (Friedrichstraße),,,,completed,1984,52.523922,13.388879,"[believed] built 1984 (GDR); OSM ids n/66917094(h=- lv=-) (Overpass maps.mail.ru, base 2026-10-01)",A large stage building with a sparkling facade of 'stalactite' tinted glass panels along Friedrichstraße (gold/white); not matched in OSM. Area: Mitte.,building,False
Tränenpalast,Tränenpalast (Friedrichstraße border pavilion),5,roof (ESTIMATED),2,completed,1962,52.52085,13.387084,"OSM w/43173495 (Overpass maps.mail.ru, base 2026-10-01)",Glass-and-steel pavilion of 1962 at Friedrichstraße station (the 'Palace of Tears' border control); a blue-grey glass cube. Area: Mitte. M2: use_height false: estimated: the LoD2 laser roof.,building,False
Bahnhof Friedrichstraße,"Friedrichstraße station (S/U, Mitte)",,,,completed,1882,52.5205,13.387,"OSM Friedrichstraße (way w/6228081); [believed] (Overpass maps.mail.ru, base 2026-10-01); no OSM id matched",A glass-and-steel hall roof over the Stadtbahn tracks (1882) on a brick viaduct; the U6 and S-Bahn stations; the Weidendammer Brücke next door. Area: Mitte.,building,False
Volkspark Friedrichshain (Mont Klamott),Volkspark Friedrichshain bunker hills,78,"hill top, metres above sea level (78 m a.s.l.; roughly 40 m above the surroundings [believed])",,completed,1950,52.526367,13.432154,"phase0 berlin.md (Großer Bunkerberg 'Mont Klamott' 78 m at 13.4322,52.5264; Kleiner Bunkerberg 68 m at 13.4364,52.5280): heights are above sea level (the terrain at 35 m a.s.l.); OSM ids n/1586382882(h=- lv=-), n/261600570(h=- lv=-) (Overpass maps.mail.ru, base 2026-10-01)",TERRAIN: two hills of rubble (flak towers' remains) in the Volkspark Friedrichshain: not buildings; model in the DEM. 78 m a.s.l. means ~ 40 m above the surroundings. Märchenbrunnen (fairy-tale fountain) at the southern entrance. Area: Friedrichshain.,structure,False
Viktoriapark Kreuzberg-Nationaldenkmal,Viktoriapark Kreuzberg and the National Monument,66,hill top a.s.l. (66 m a.s.l.; the Schinkel monument 20 m tall [believed]),,completed,1821,52.487465,13.380815,"phase0 berlin.md (Kreuzberg hill 66 m at 13.3815,52.4877); Schinkel's neo-Gothic cast-iron monument (1821, about 19 m [believed]); OSM ids w/4638994(h=- lv=-), n/241490725(h=- lv=-) (Overpass maps.mail.ru, base 2026-10-01)","TERRAIN: the Kreuzberg hill (66 m a.s.l., ~ 30 m above the Altbau streets) with the Schinkel monument: a Gothic cast-iron spire (about 20 m) on top of the hill; artificial waterfall (a water cascade down the slope). Inside the Kreuzberg Ortsteil. Area: Kreuzberg.",structure,False
Neues Kreuzberger Zentrum (Kottbusser Tor),"Neues Kreuzberger Zentrum (NKZ, Kottbusser Tor)",,,,completed,1974,52.499,13.4177,"[believed] Wohnkomplex 1969-74 by Wolfgang Jokisch (Overpass maps.mail.ru, base 2026-10-01); no OSM id matched","A long curved concrete housing complex at Kottbusser Tor (a bridge-like block over the road) with deck access [believed]; 6-9 storeys, brownish-grey concrete with colour panels; the U1/U3/U8 Hochbahn station in front. Not matched in OSM. Area: Kreuzberg.",building,False
Neue Synagoge (Oranienburger Straße),"New Synagogue Berlin (Neue Synagoge, golden dome)",50,top of the dome (ESTIMATED; ~ 50 m [believed]; OSM 21.3 is the street block),9,completed (reconstructed front 1988-95),1866,52.524987,13.39432,"OSM w/24054915 (h=21.3, lv=9, synagogue); Eduard Knoblauch/Friedrich August Stüler 1859-66 [believed] (Overpass maps.mail.ru, base 2026-10-01)","Moorish-Byzantine revival: a red-and-yellow striped brick front with a gilded onion/ribbed DOME (golden glazed tiles, about 50 m high [believed]) and two small side domes; the main hall was bombed in 1943 and not rebuilt, so only the street front stands. OSM's 21.3 m is the front block; the dome needs a lathe figure; the gold dome catches sunlight (#d2a64a est.). OSM parts within 40 m: 1 with h>=15 m, top 42.75 m. Area: Mitte. M2: use_height false: the LoD2 body; the dome for M4.",building,False
St.-Matthäus-Kirche (Kulturforum),"St. Matthew's Church (Matthäuskirche), Kulturforum",68,"tower (EN list: 68 m, 1846)",,completed,1846,52.507918,13.367452,"Wikipedia EN List of tallest buildings in Berlin (raw wikitext, fetched 2026-10-02) ('St.-Matthäus-Kirche 68 m, 1846'); OSM w/22990222 (no height); Friedrich August Stüler (Overpass maps.mail.ru, base 2026-10-01)","A small brick-and-stone Romanesque-revival church (yellow/red clinker with light sandstone bands) with a square west tower of ~ 68 m [EN list] lone amid the Kulturforum, between the Neue Nationalgalerie and the Philharmonie. A lone vertical. OSM parts within 40 m: 2 with h>=15 m, top 45/27 m. Area: Tiergarten. M2: use_height false: the LoD2 body; the spire for M4.",building,False
Zionskirche,"Zion Church (Zionskirche), Mitte",67,tower (OSM 67; EN list: Zionskirche not in the table),,completed,1873,52.534648,13.403752,"OSM w/27685450 (h=67); Wikipedia DE Zionskirche (67 m tower; viewing platform in the clock level at 22 m; the church stands on the 52 m a.s.l. Weinberg hill) (Overpass maps.mail.ru, base 2026-10-01)",Neo-Romanesque brick church on Zionskirchplatz (Mitte north); 67 m tower with a tall spire; sandstone and clinker. Famous as a GDR opposition site. Area: Mitte. M2: use_height false: the LoD2 body; the spire for M4.,building,False
Ludwig-Erhard-Haus (Börse Berlin),Ludwig-Erhard-Haus (Berlin stock exchange; the 'Armadillo'),38.6,top of the highest arch (Wikipedia DE: 15 elliptical arches up to 38.6 m high and 61.2 m span),,completed,1998,52.506862,13.328584,"OSM w/216160637 (office, no height); Wikipedia DE Ludwig-Erhard-Haus (Nicholas Grimshaw & Partner 1994-97, inaugurated 21 Sep 1998; 15 elliptical steel arches, scaly facade modelled on an armadillo) (Overpass maps.mail.ru, base 2026-10-01)","A glass and steel 'armadillo': a series of 15 elliptical steel arches (a 'ribcage', DE) with a glass skin over a low plinth; Fasanenstraße in Charlottenburg (lon 13.3286, inside the east clip). Silver-white aluminium/glass. Area: Charlottenburg (east of 13.3055).",building,True
"Pariser Platz: Akademie der Künste, Adlon, Palais am Pariser Platz","Pariser Platz (Adlon Kempinski, Akademie der Künste, Palais am Pariser Platz)",22,cornice (OSM 22 for the Adlon and the Akademie; the Pariser Platz rule: 22 m),6,completed,1997,52.515576,13.380334,"OSM r/4582978 'Adlon Kempinski' (h=22, lv=6), w/237816189 'Akademie der Künste' (h=22, lv=4), r/1766958 'Palais am Pariser Platz' (lv=7); Pariser Platz was rebuilt 1995-2008 under the Berlin 'Kritische Rekonstruktion' rules: a cornice height of 22 m and mostly stone facades [believed] (Overpass maps.mail.ru, base 2026-10-01)","The Brandenburg Gate square: a square 125 x 125 m [believed] with 22 m (about 5-6 storey) stone-and-glass blocks around it: the US Embassy (2008), the French Embassy, the DZ Bank (Gehry 2000: a stone front with a hidden glass roof), the Akademie der Künste (Behnisch, glass front, 2005) and the Hotel Adlon (a Wilhelmine-style stone front). Area: Mitte.",building,True
Bauakademie (Schinkel),Bauakademie (Schinkel's Building Academy; reconstruction),21,roof (OSM 21),,under reconstruction,1836,52.516209,13.399117,"OSM w/145095631 (h=21); Karl Friedrich Schinkel 1832-36; reconstruction as a design centre announced from 2020 [believed; state in Oct 2026 not verified] (Overpass maps.mail.ru, base 2026-10-01)","Square plan 46 x 46 m [believed], three floors of red brick with terracotta reliefs and tall arched windows, between the Friedrichswerder Church and the Humboldt Forum. Currently a corner scaffold/model; verify before putting it in the city. Area: Mitte.",building,False
Auswärtiges Amt (Haus am Werderschen Markt),Federal Foreign Office (Auswärtiges Amt),,,5,completed,1999,52.513534,13.400427,"OSM r/57390 'Haus am Werderschen Markt' (lv=5) (Overpass maps.mail.ru, base 2026-10-01)","The old Reichsbank + GDR ZK-building complex: a long, heavy limestone block (1940, 1990s extension with a modern glass link). Stone; context at Werderscher Markt. Area: Mitte.",building,False
Mossepalais / Leipziger Platz,Mosse-Palais and Leipziger Platz,30,cornice (ESTIMATED; 9 levels),9,completed,2000,52.510564,13.3783,"OSM w/14582098 (lv=9, commercial) (Overpass maps.mail.ru, base 2026-10-01)","Leipziger Platz, an octagonal square rebuilt in the 2000s with 22-30 m stone-clad blocks; the Mosse-Palais at the north-west corner. Area: Mitte. M2: use_height false: estimated: the LoD2 laser roof.",building,False
Rathaus Kreuzberg (Yorckstraße),Town hall of Friedrichshain-Kreuzberg (Yorckstraße),,,6,completed,1900,52.493864,13.385773,"OSM r/915481 (lv=6) (Overpass maps.mail.ru, base 2026-10-01)",Context only: the borough hall of the Kreuzberg Altbau. Area: Kreuzberg.,building,False
Internationales Handelszentrum (IHZ),"International Trade Centre (IHZ), Friedrichstraße",93.5,roof (Wikipedia DE infobox 93.5 m; EN list 93 m),25,completed,1978,52.519356,13.389812,"Wikipedia DE Internationales Handelszentrum (infobox: offizielle Höhe 93,5 m, Höhe Dach 93,5 m, 25 Etagen); Wikipedia EN List of tallest buildings in Berlin (raw wikitext, fetched 2026-10-02) (93 m, 1976-78, Office); OSM w/713134179 (lv=25, no height) (Overpass maps.mail.ru, base 2026-10-01)","GDR office tower at Friedrichstraße station (Mitte): a 25-storey slab on a podium with the characteristic ribbed curtain wall; the third-tallest building in the centre after the new towers. Photo not yet in refs. OSM parts within 60 m: 3 with h>=15 m, top 93.5/86/86 m. Area: Mitte.",building,True
Grandaire (Alexanderplatz),Grandaire residential tower (Alexanderplatz),65,"roof (EN list 65 m, 2020)",20,completed,2020,52.518029,13.416963,"Wikipedia EN List of tallest buildings in Berlin (raw wikitext, fetched 2026-10-02) (Grandaire 65 m, 2020, Residential); OSM w/625662919 (lv=20, no height) (Overpass maps.mail.ru, base 2026-10-01)",A 20-storey residential tower at Grunerstraße/Alexanderplatz (Mitte) in stone-grey cladding [believed]. Photo not in refs. Area: Mitte.,building,True
Silver Tower (Friedrichshain),"Silver Tower (Friedrichshain, near Ostbahnhof)",,,18,completed,,52.51311,13.431805,"OSM w/221384886 'Silver Tower' (lv=18, no height); height from levels x 3.3 = 60 m (Overpass maps.mail.ru, base 2026-10-01)","18-level tower near the Ostbahnhof / Mühlenstraße (Friedrichshain, 52.5131, 13.4318): not researched further. Area: Friedrichshain.",building,False
Pressehaus (Alexanderplatz),Pressehaus Berlin (Karl-Liebknecht-Straße),,,17,completed,1970,52.524769,13.412301,"OSM w/23723074 (lv=17, no height) (Overpass maps.mail.ru, base 2026-10-01)",GDR 17-level slab north-west of Alexanderplatz; context. Height from levels x 3.3 = 56 m. Area: Mitte.,building,False
