name,facade,tint,module,variant,profile,notes,near
丸の内ビルディング,bands,#728b95,1.4,0.55,,"M4 landmarks: the Marunouchi Building (2002): grey-brown stone piers and spandrels (sampled #7c7974) between continuous blue-green glass bands (sampled #728b95, File:Marunouchi_Building.JPG, midday); its 31 m stone podium by jp-tokyo's rule (data/landmarks_m4l.md §14)",
常盤橋タワー,fins,#8fa3b5,1.5,0.5,,"M4 landmarks: Tokiwabashi Tower (2021): light blue-grey glass behind a pale exposed frame; tint est. (Commons has only construction photos)",
麻布台ヒルズ森JPタワー,bands,#768490,1.5,0.35,0:1 0.45:1.02 0.8:0.97 1:0.86,"M4 landmarks: Azabudai Hills Mori JP Tower (2023): Pelli Clarke's softly bulging shaft, glass in fine silver aluminium bands (sampled #768490 body, #b1bac0 bands, clear sky), narrowing to its two-peaked crown",
虎ノ門ヒルズ森タワー,bands,#8e9fb2,1.5,0.4,0:1 0.88:1 1:0.82,"M4 landmarks: Toranomon Hills Mori Tower (2014): light grey-blue low-reflection glass with thin horizontal bands, the top stepping in; tint est.",
虎ノ門ヒルズステーションタワー,fins,#8697b1,1.5,0.45,0:1 0.9:1 1:0.9,"M4 landmarks: Toranomon Hills Station Tower (2023): silver-white glass (sampled #8697b1, File:May_2025,_Toranomon_Hills_(23449).jpg), the TOKYO NODE crown",
六本木ヒルズ森タワー,bands,#9fb3c4,1.4,0.6,,"M4 landmarks: Roppongi Hills Mori Tower (2003): KPF's silver-grey aluminium and glass in 4-floor horizontal bands, the stepped silver crown; tint est. (far photo only)",
ミッドタウン・タワー,fins,#95999b,1.5,0.5,0:1 0.92:1 1:0.94,"M4 landmarks: Tokyo Midtown Tower (2007): SOM's grey-green glass in pale vertical aluminium fins, tan louvre bands (sampled #95999b body, #9e8774 louvres, overcast)",
東京都庁第一本庁舎,granite,#b6baba,1.8,0.5,,"M4 landmarks: Tokyo Metropolitan Government Building No. 1 (1991): Kenzo Tange's pale warm-grey granite grid (sampled #b6baba front block, clear sky), twin towers from ~130 m (PLATEAU's roof levels)",
モード学園コクーンタワー,lattice,#52656c,,0.5,0:0.88 0.3:1 0.6:0.98 0.85:0.82 1:0.55,"M4 landmarks: Mode Gakuen Cocoon Tower (2008): blue-green glass (sampled #52656c overcast) under a white diagonal steel lattice (#e1e2e9), a cocoon tapering to its rounded top",
渋谷スクランブルスクエア,bands,#47788f,1.5,0.5,,"M4 landmarks: Shibuya Scramble Square (2019): teal-blue reflective glass in a 4-floor grid of dark spandrels (sampled #3085a6 under a clear blue sky; pulled toward grey for the viewer's own reflections)",
電通本社ビル,glass,#aeb1a4,,,,"M4 landmarks: Dentsu Building (2002): Jean Nouvel's knife-edge wedge in pale champagne-white fritted glass (sampled #b8b8a0, overcast)",
和光,depato,#e9dfcf,,,,"M4 landmarks: Wakō (1932): the neo-Renaissance store on the Ginza 4-chome corner in cream stone (sampled #fbf3e8 in noon sun, est. #e9dfcf); its clock tower a figure",
ガラス棟,glass,#7d97a8,,,,"M4 landmarks: Tokyo International Forum's glass hall (1996): Rafael Viñoly's 210 m ship's hull of glass (sampled #89a7bd reflecting sky, #425153 into the hall) under its white roof truss (PLATEAU's prism, 58.2 m)",
国会議事堂,granite,#dddbd8,2.2,0.5,,"M4 landmarks: the National Diet Building's wings (1936): white granite (sampled #e4e3e3 sunlit, #d1d3d5 shade), tall windows in a stone grid (the central tower a figure)",
東京タワー塔脚基礎,plain,#a8a7a1,,,0:1 1:0.72,"Tokyo Tower: the four legs' granite-faced pedestals (OSM w1244967004-07, 7 m, unnamed: joined by `near`); sloped concrete plinths under the leg feet, pale grey granite (sampled #c1c2bb overcast, File:TokyoTowerashi.jpg; #868484 in the 1988 photo), no windows (fix round: they read as windowed huts at the feet)",139.746105 35.658703 4|139.745316 35.6591 4|139.744826 35.658497 4|139.745569 35.658083 4
