name,facade,tint,module,variant,profile,notes,near
Esplanade Concert Hall,honeycomb,#a89e8c,1.1,0.12,dome:0.04,"M4 fix round 1 (critic: a soccer ball of 5 m black and white hexagons): the ~7,000 triangular aluminium sunshades as 1.1 m cells, an eighth dark (the glass between them), champagne grey; the shell lofted to a dome (M4 landmarks). M4 landmarks: the south-east shell (concert hall), OSM's outline lofted to a dome; mid grey-silver from afar (sampled #797c79 whole shell, sunlit sunshades #c4c3be; data/landmarks.md, M4 figures)",
Esplanade Theatre,honeycomb,#a89e8c,1.1,0.12,dome:0.04,"M4 fix round 1 (critic: a soccer ball of 5 m black and white hexagons): the ~7,000 triangular aluminium sunshades as 1.1 m cells, an eighth dark (the glass between them), champagne grey; the shell lofted to a dome (M4 landmarks). M4 landmarks: the north-west shell (lyric theatre), as the concert hall's",
Marina Bay Sands Tower 1,glass,#35566f,,,lean:115.4:0:1 0.25:0.95 0.5:0.87 0.75:0.8 1:0.76,"M4 landmarks: the west leg straight, the east leg curving in toward it (Wikipedia, the north photos): the east face leans in, 51 -> 39 m deep at the top under the SkyPark; the glass dark steel-blue (sampled #35566f typical, overcast across the bay)",
Marina Bay Sands Tower 2,glass,#35566f,,,lean:115.4:0:1 0.25:0.95 0.5:0.87 0.75:0.8 1:0.76,M4 landmarks: as Tower 1,
Marina Bay Sands Tower 3,glass,#35566f,,,lean:105.9:0:1 0.5:0.96 1:0.92,M4 landmarks: OSM maps only part of Tower 3 (55 x 31 m): a slight lean,
Crystal Pavilion North,lattice,#8b9ba5,3.0,0.12,,"M4 facades (the user's preview): the Louis Vuitton Island Maison on the bay, a faceted glass-and-steel crystal: the diagonal steel lattice over glass, a few solid panels, no storeys; grey-blue glass as the photos across the bay show it (estimated)",
Apple Marina Bay Sands,lattice,#8b9ba5,2.0,0.04,,"M4 facades (the user's preview): the round glass dome on the water beside the Crystal Pavilion, a steel lattice over clear glass, no storeys (estimated tint; its dome massing is a landmark figure, not done here)",
The Shoppes at Marina Bay Sands,glass,#6b7f88,3.0,,,M4 facades (the user's preview): the mall's bay frontage is glass under the wavy roof canopy (the canopy's edge not drawn); grey-green glass (estimated) instead of the mall's window grid,
Esplanade Theatres on the Bay,commercial,#cfcabd,,,,"M4 fix round 1 (critic: a saturated blue roof beside the shells): the low mall and foyer block in pale render, its roof the flat roofs' grey (no factory steel)",
Buddha Tooth Relic Temple,temple,#a8322a,2.6,,,"M4 fix round 1 (critic: a beige office with punched windows): red walls and pillars between dark screens (photos: the South Bridge Road front); its tiered hip roofs, gilt ridges and the eaves between the floors are a figure (scripts/m4l_structures.py)",
Sri Mariamman Temple,worship,#ece4d4,,,h@10=6,M4 fix round 1 (critic: a grey three-storey office base): the compound one storey (6 m) of cream render under the gopuram (a figure),
Masjid Sultan,worship,#e8dfc8,,,,"M4 fix round 1 (critic: a grey office base): the prayer hall's cream render, few tall windows; the gold dome and minaret tops are figures",
Sands Expo and Convention Centre,panel,#a5aaad,3.0,,,"M4 fix round 1 (critic: the MBS podium read as stepped hillside apartments): the convention centre's and the Shoppes' stepped roof terraces (OSM's unnamed w172014440, w172014442, w172014438 and their parts, taken by `near`) as grey metal and glass panels, no window grid",103.858437 1.282277 100|103.859567 1.283945 65|103.860102 1.285161 58
IMBA Theatre,panel,#a5aaad,3.0,,,M4 fix round 1: the MBS theatre box in the podium's grey metal,
UOB Plaza One,bands,#a9a8a4,,,,"M4 fix round 1 (critic: CBD towers near-black): UOB Plaza One (Kenzo Tange): silver-grey aluminium cladding between reflective glass bands (Wikipedia, NLB; tint estimated)",
UOB Plaza Tower 2,bands,#a9a8a4,,,,"M4 fix round 1 (critic: CBD towers near-black): as UOB Plaza One (Wikipedia, NLB; tint estimated)",
One Raffles Place,bands,#a3a9ad,,,,"M4 fix round 1 (critic: CBD towers near-black): One Raffles Place (OUB Centre, Tange): treated aluminium alloy cladding (NLB), not granite (Wikipedia, NLB; tint estimated)",
