name,facade,tint,module,variant,profile,whole,take,roof,notes,near
The Shard (London Bridge Tower),glass,#6a8096,1.3,,0:1 0.31:0.8 0.52:0.6 0.68:0.44 0.83:0.25 0.94:0.06 1:0.01,true,,,"MUST-HAVE. 309.6 m to the spire tip (Wikipedia; list intro 306, OSM 310), 95 storeys of which 72 habitable, View gallery at 244 m (level 72, open-air 72), spire 66 m and 500 t (steel frame topped out 308.7 m). Renzo Piano: eight glass 'shards' leaning inwards (6 degrees from the vertical, differing per plane) that meet in a pointed, open-topped spire; 11,000 glass panes, 56,000 m2 (avg 5.1 m2: about 1.3 x 3.9 m, hence module 1.3; est.). Sampled (the-shard/03, hazy, box 0.47,0.42,0.55,0.58) glass mean #697278 median #6e787f; blue sky (the-shard/01, box 0.45,0.30,0.53,0.48) mean #46729b median #44729c: the glass is a mirror of the sky; tint between, a little lighter (est.). Night: lit office floors warm white (lit-pixel median #b3aa83 on the-shard/05), the top glows, the spire is unlit or pulses on occasion. OSM holds it as stepped prisms with skillion roofs (w/31110737 outline h310 3,697 m2; parts 310 x3, 290, 260, 254, 252 x2, 235 m; two 70-74 m parts belong to the podium next door): that is already a fair taper but a stack. Profile = width scale silhouetted from the-shard/03 (widths 0.243, 0.218, 0.197, 0.18, 0.153, 0.128, 0.10, 0.059 of the picture at 31-88 % of the height, base est. 0.30): whole=true merges the rows named The Shard into one outline (tiles.py: union of the body rows, h = their max, then the profile applies; unnamed podium parts do not join). The engine scales about the centroid: the real shards have an asymmetric plan"
1 Undershaft (One London),glass,#6a7f94,1.5,,,,,,"294.0 m (architectural), 74 floors, 2033 [approved, not built (St Helen's deconstruction underway 2026; construction start 2028)]; NOT BUILT (approved, demolition of St Helen's under way, construction 2028): no building of this name exists, so 06_tiles will print 'no building named'; keep the row for when it is built. Design (Eric Parry): a stepped glass and stone tower, 294 m (Wikipedia) or 309.6 m (press); tint est."
22 Bishopsgate (The Pinnacle),glass,#9eabb8,1.5,,,,,,"MUST-HAVE. 278 m, 62 storeys (Wikipedia 278.2; OSM 61 levels), PLP Architecture, finished 2020 (the Pinnacle was a 288 m design stopped 2012; 2016 redesign cut it). Stepped, pixellated crown; public gallery Horizon 22 on level 58 at 254 m. Glass, blue-grey: sampled (22-bishopsgate/01, partly cloudy, box 0.36,0.35,0.52,0.60) mean #657d9b median #5c7596; backlit hazy (22-bishopsgate/03) #4b5e76; tint the lighter mean. OSM parts: 278 (3,419 m2 outline and a 1,115 m2 part), 260 x2 (1,312 and 137 m2), 220, 212 m: the steps are in the data, no profile needed. Window module not measured (est. 1.5 m unitised). Night: fully lit office floors, white-blue M4 fix round (builder F): tint #5f7894 -> #9eabb8, light silver (critic: near-black navy; refs/area-city-from-south-bank/02 pale silver-grey)."
Canary Wharf Tower (One Canada Square),fins,#8a949e,1.5,1.0,crown@195-235:0:1 1:0.04:#c5cfce,,,#c5cfce,"MUST-HAVE. Cesar Pelli, 1991, 235 m to the pyramid tip (CTBUH/OSM 235; Wikipedia list 236), 50 floors, 27,500 t of British steel, 222 piles 23 m deep; square tower (about 37.5 m a side: OSM part 1,406 m2) clad in a stainless-steel skin over a grid of deep-set windows; the stainless-steel pyramid 40 m high, 30 m square at the base (100 t, 100,000 bolts) with a flashing aircraft-warning light, lit in the evenings. Sampled (one-canada-square/05 overcast close-up, box 0.20,0.45,0.75,0.70) mean #999896 median #9d9d9c mid #afadac; (/01 blue hour) #bdb7bf: a brushed grey-silver wall with darker window openings; tint #a4a8ac (est. between). The crown row is untested and risky: `crown@195-235` cuts every part whose top is 235 m, which includes the 3,584 m2 outline (podium included) as well as the tower part: if that outline is still a row, the whole 71 x 65 m footprint gets a pyramid, so prefer excluding the outline or a `[[structures]]` pyramid prism (30 m square at 195 m to a 1.2 m tip). OSM parts w/5986754 (outline 3,584 m2 incl. podium, h235, roof pyramidal), w/432777466 (1,406 m2, h235, roof pyramidal 25 (real 40)), w/432777467 (210 m, 2,099 m2) and four 194 m pieces: check that the cut at 195 m does not hit the 3,584 m2 outline. Night: lit floors, pyramid lit, beacon (one-canada-square/06) M4 (builder T): panel -> fins (the stainless piers between the windows), tint the window glass #4f5a66 (est., the dark openings in one-canada-square/05): as panel #a4a8ac it read as a smooth white block in the sun (eval/m4t Canary Wharf), with no window grid. M4 fix round (builder F): tint #4f5a66 -> #8a949e, variant 0.6 -> 1.0 (wider stainless piers, paler glass: critic 'dark grey instead of bright stainless steel')."
Landmark Pinnacle,glass,#98a8b5,1.5,,,,,,"233.2 m (architectural), 77 floors, 2020; Canary Wharf south-west: a pale blue-grey glass tower; tint sampled on an unverified identification (canary-wharf-cluster/01 tall grey-blue slab, box 0.80,0.20,0.86,0.45, mid #a3b4c0, mean #8ea1af): treat as est. OSM outline has no height: the landmark height applies"
"110 Bishopsgate (Heron Tower, Salesforce Tower)",lattice,#8a9db0,1.5,0.05,,,,,"MUST-HAVE. Name in the list is '110 Bishopsgate (Heron Tower, Salesforce Tower)' (the row name must match it exactly). NEW STYLE `bracedframe` proposed (lattice fallback, few panels). 230 m incl. a 28 m mast (roof 202 m), 46 floors, KPF, 2011, 2,400 m2 site; a square plan, glass envelope with vertical steel-bracing 'X' frames stacked over several floors (the diagonal braces are the stiff white-grey lines in heron-tower/01), a 70,000-litre aquarium in the lobby. Sampled (heron-tower/01 blue sky, box 0.35,0.42,0.55,0.68) mean #7c99b6 median #6c89ac (includes white bracing); (heron-tower/02 hazy) mean #707b8e: tint between (est.). OSM parts 230.1 (mast, 1 m2, pyramidal roof 27.6), 204, 202.5, 190, 180 (metal #D8D8D8), 177.5, 165, 152.5 m: the stepped top/plant is in the data",
The Leadenhall Building (the Cheesegrater),lattice,#8a9aa8,28,1.0,shape@224.5:lean:180:0:1 1:0.15,,,,"MUST-HAVE. NEW STYLE `bracedframe` proposed (exposed steel ladder frame and bracing over the glass). 122 Leadenhall Street, 224.5 m, 48 floors, Rogers Stirk Harbour, 2014: a wedge whose north-west face slopes inwards at about 10 degrees (steel 'Megaframe', no concrete core: the lifts and stairs are in a separate service tower on the flat east side, orange counterweights visible), about 18,000 t of steel, 84,424 m2. Sampled (cheesegrater/01 overcast-bright, box 0.20,0.30,0.50,0.60) mean #727f88; (cheesegrater/03 blue sky sun) median #5983a9: tint the overcast-blue mean. OSM (w/309413981 outline 2,629 m2 h224.5; part w/309413982 h224.5 min 28.5 1,794 m2 with roof:shape=skillion roof:height=196 = the wedge; the service tower w/309415710 392 m2 h224.5 metal #9BA2A7; w/309415707 h196 glass #B0BDC6): the wedge may already be there as a skillion roof IF the engine reads OSM roof:shape (the Paris roofs came from APUR); otherwise the symmetric fallback `long:0:1:1 1:0.4:1` makes both ends lean (the engine cannot keep one face vertical). Night: bright white lit floors, the service tower lit M4 (builder T): the wedge from OSM w/309413982 (skillion, roof:direction 179.7, 28.5-224.5 m: the south face leans back to the upright north side with the service tower): `shape@224.5:lean:180:0:1 1:0.15` lofts that part, its north edge vertical, its south face moving in to 15 % of its 38 m depth at the top (est. from cheesegrater/01). Exposed bracing: lattice (the bracedframe style does not exist), its 12 m module (the most the tiles carry; the real braces span about 7 storeys), variant 1.0 (every cell glass, white members); tint a little lighter than the overcast mean, the lattice darkens its glass cells to 0.45.",
Newfoundland (Newfoundland Quay),lattice,#8fa6bd,8.0,0.6,,,,,"219.7 m (architectural), 59 floors, 2020; NEW STYLE `diagrid` proposed (lattice fallback, panels 0.6 = many white panels): a white diagrid (steel diamond frame painted white) tower that narrows with a slanted top, Horden Cherry Lee 2020; sampled (canary-wharf-cluster/01 blue sky, box 0.58,0.22,0.76,0.40) mean #7d9ebd median #82aecf mid #94bbe9 (glass between white members, sky blue); the white frame is not sampled (est. #e6e9ec). OSM outline w/532616070 has no height"
Aspen at Consort Place,bands,#8ea4b6,1.5,0.5,,,,,"215.8 m (architectural), 67 floors, 2024; No OSM footprint matched (use_height False): the row applies only if a building of this name exists; tint est. (residential glass tower, balcony bands)"
"South Quay Plaza 1 (Hampton Tower, Valiant Tower)",bands,#7d95aa,1.5,0.5,,,,,"214.5 m (architectural), 68 floors, 2020; Residential glass tower, name mix-up between OSM ('Hampton Tower') and Wikipedia; tint est."
One Park Drive,bands,#7f93a6,1.5,0.5,,,,,"204.9 m (architectural), 58 floors, 2021; Wood Wharf (Herzog and de Meuron, 2021): stacked offset boxes of glass and terracotta-coloured bands; tint est., no photo sampled"
8 Bishopsgate,glass,#5f7fa8,1.5,,,,,,"203.7 m (architectural), 51 floors, 2023; Completed 2023 (PLP/Agent): a faceted glass tower, stepped crown; OSM (w/1136851840 lv51 no height; top part w/1136851842 h205 min 190, w/1136851844 h190 min 103, w/1136851847 h103): the step pattern is in the parts. Sampled none (8-bishopsgate/01, blue sky: a strongly blue glass mean est.); tint est."
Citigroup Centre (25 Canada Square),glass,#6b8296,1.5,,,,,,"201.0 m (architectural), 42 floors, 2002; Cesar Pelli, 2002: glass and stainless-steel curtain wall, a square plan with notched corners, a sloped crown top; tint est. from canary-wharf-hsbc-citi/02 (a pale blue-grey in overcast)"
HSBC Tower (8 Canada Square),glass,#6f8da3,1.5,,,,,,"199.5 m (architectural), 42 floors, 2002; Foster, 2002, 199.5 m: a slender glass tower with horizontal light-blue bands: sampled strongly blue under blue sky (canary-wharf-hsbc-citi/01 box 0.12,0.35,0.30,0.65 mid #266d9f: the sky), overcast mean #95a4a8 (canary-wharf-hsbc-citi/02): tint between (est.). OSM parts 199.5 (w/432780681-84, min 186.3), 197, 191, 186.3: the crown steps are in the data. Night: lit floors and the red HSBC logo (canary-wharf-hsbc-citi/05)"
One Nine Elms (City Tower),bands,#7f8a94,1.5,0.4,,,,,"199.4 m (architectural), 57 floors, 2023; Nine Elms (two towers, 199 m and 168 m), white-grey banded; outside the Phase-0 clip (edge); OSM has lv66 and no height: use the landmark height; tint est. (nine-elms-towers/01 hazy, box 0.33,0.22,0.52,0.50 mid #959a9f)"
Harcourt Gardens (Harcourt Tower),bands,#7d95aa,1.5,0.5,,,,,"192.4 m (architectural), 56 floors, 2024; Residential tower; OSM lv64 (wrong: 56 floors), no height; tint est."
52 Lime Street (The Scalpel),glass,#5e7a9a,1.5,,,,,,"MUST-HAVE. 190 m, 38 storeys plus 2 basements (Wikipedia 190.1), KPF, 2018: a glass slab cut by a sloping plane ('a play button' seen from the river) with a notch; Willis building next door is a separate row. Sampled (the-scalpel/01 blue sky, box 0.30,0.20,0.55,0.55) mean #496bab median #5571a9 (strongly sky blue); (the-scalpel/03) greyscale photo: tint a mid blue-grey (est.). OSM w/498820075 h190 1,942 m2 plus parts 190 (skillion roofs roof:height 143 / 190 / 40 = the cut), 164, 47 m: the slope is carried by the skillion roofs if the engine reads them"
Wardian London East (Bagshaw Building),bands,#82a08e,1.5,0.6,,,,,"187.2 m (architectural), 55 floors, 2020; Wardian London (Glenn Howells): two towers with terraced sky-garden balconies planted with greenery; tint est. a green-grey glass; OSM lv55 no height"
Tower 42 (NatWest Tower),fins,#6e604e,1.8,0.35,,,,,"MUST-HAVE (tower over 100 m). 182.9 m, 42-47 storeys, 1980 (Richard Seifert), the City's tallest until 1990; plan of three chevron 'leaves' in a hexagonal arrangement (the NatWest logo, cantilevered from three concrete-and-steel columns, 42 cantilevered floors), sky lobbies at levels 23-24, recladded after the 1993 bomb. Facade: dense vertical bands of bronzed-grey glass between pale stainless/aluminium mullions (tower-42/02); sampled blue sky (tower-42/01 box 0.36,0.30,0.66,0.75) mean #606a79 median #4c5a6f; (tower-42/02 closer) mean #737576 median #66686b: tint the dark glass mean (est.). OSM: 183 m main body (1,894 m2) and 183 m (465 m2), then leaves 168 (min 20), 162 (min 30), 156 (min 25) m (~290 m2 each): the lobed cantilever is in the data. Night: LED system (Capix, 2012) on levels 39-45, tower-42/07 lit M4 fix round (builder F): tint #55607a -> #6e604e, bronze glass (critic)."
Amory Tower,bands,#7d95aa,1.5,0.5,,,,,"182.0 m (architectural), 55 floors, 2021; Residential tower; OSM lv54 no height; tint est."
St George Wharf Tower,glass,#777f81,1.5,,,,,,"180.6 m (architectural), 52 floors, 2014; Broadway Malyan, 2014, 180.6 m, the tallest residential tower in the UK; a slender tower with a wind-turbine nacelle at the top; glass grey-green: sampled (nine-elms-towers/01, hazy, box 0.14,0.22,0.22,0.45) mean #838a8c median #777f81; tint the median. OSM parts 181 / 168 / 160 / 148 m. The turbine is not modelled"
30 St Mary Axe (the Gherkin),lattice,#6f7c89,8.0,0.85,0:0.87 0.2:0.96 0.38:1 0.55:0.93 0.7:0.76 0.83:0.56 0.87:0.47 0.94:0.27 1:0.03,true,,,"MUST-HAVE. NEW STYLE `diagrid` proposed (lattice is the fallback: its diamonds are the diagrid). 179.8 m (OSM 180), 41 floors, Foster + Partners, opened 2004. Plan is a circle: 49 m at the base, 56.5 m at level 17, 26.5 m at level 39, a glass lens 2.4 m across at the tip (250 kg); 24,000 m2 of glass in 7,429 panes (only the lens is double-curved), six spiralling light wells behind the dark-glass spirals; diagrid = 29 % of the structure. Diamonds about 16 m tall x 8 m wide (est.: seven diamond rows over 120 m in the-gherkin/02). Sampled (the-gherkin/01 blue sky, box 0.07,0.22,0.30,0.45) mean #6f7c89 median #687481, bright30 #acbdcc; (the-gherkin/02 clear blue sky) #8895b6: clear glass bands pale blue-grey, spiral bands dark grey-green. Profile from the published diameters: r/r_max 0.87 at 0, 1.0 at 38 % (level 17), 0.47 at 87 % (level 39), then the lens; OSM stacks prisms (8 / 20.5 / 37 / 53.5 / 70 / 180 m, each 2,100-2,500 m2, all w/ dome roof 110) so whole=true is needed. Night: lit floors, the spirals glow, the lens lit (the-gherkin/05) M4 (builder T): variant 0.1 -> 0.85: the lattice style paints its solid cells in the dark tint and the rest white, so 0.1 gave a white bullet with a few dark diamonds (eval/m3b); 0.85 is dark glass with white diagrid members and some pale cells. The dark spiral bands need a spiral option in the lattice style (not built)."
40 Charter Street,bands,#7d95aa,1.5,0.5,,,,,"178.6 m (architectural), 53 floors, 2027 [topped out (completion 2027)]; Wood Wharf, topped out, completion 2027: the row applies when its building exists; OSM lv53 no height; tint est."
BT Tower,glass,#69858b,4.0,,,,,#3a454f,"MUST-HAVE (Camden clip). 177 m main structure (189 m with aerials; OSM 188.4), 37 floors, Post Office Tower, 1964-65 (Eric Bedford), concrete shaft 10.5 m across (6 m at the top) in a 20 m (widest) tower; the lower 40 m is board-marked concrete with stainless-steel curtain wall glazing in tinted Antisun glass, a 35 m section of microwave aerial platforms (dish horns) above it, six floors of suites and plant, and a cantilevered steel lattice. A 360-degree LED display band (529,750 LEDs in 177 vertical strips, 280 m2, 59 m circumference) at 167 m covers floors 36-37 (blue BT logo in bt-tower/01). Sampled (bt-tower/01 blue sky): lower glass cylinder box 0.54,0.68,0.60,0.80 mean #69858b median #618086 bright30 #a2b8bc; aerial platforms (dark grey) #3a454f; LED band (blue, daytime) median #413f99. OSM: outline w/5022282 13 x 14 m h188.4 37 levels; parts w/331901552 (188.4, min 174, 7 m2), 331903530 (174, min 170), 331901551 (170 m, 133 m2), 331903528 (166, min 144, 277 m2 glass), w/331903529 (100 m, min 24, 277 m2 glass), 331903531 (158): the aerial gallery is in the data. A cylinder profile: a circular footprint is the shaft. Night: LED band lit, lower shaft dark glass (bt-tower/07)"
One Thames City (No. 8),bands,#7d95aa,1.5,0.5,,,,,"176.0 m (architectural), 54 floors, 2022; Nine Elms; no OSM footprint matched (use_height False); tint est."
100 Bishopsgate,fins,#8696a4,1.5,0.3,,,,,"171.6 m (architectural), 40 floors, 2019; Allies and Morrison, 2019, 171.6 m: a glass tower with vertical ribbed fins and a stepped top (100-bishopsgate/01 shows long vertical mullions); tint est. from 100-bishopsgate/02 (dark blue-grey glass) M4 fix round (builder F): tint #5f7184 -> #8696a4 (paler)."
DAMAC Tower (Nine Elms),bands,#6f7a86,1.5,0.4,,,,,"169.8 m (architectural), 51 floors, 2022; Nine Elms (North Tower, 169.8 m), dark grey glass with light bands; tint est. (nine-elms-towers/01 hazy); OSM part w/848509955 lv50 no height"
Wardian London West (Hobart Building),bands,#82a08e,1.5,0.6,,,,,"168.1 m (architectural), 50 floors, 2020; Wardian London twin: green-grey glass and planted balconies; OSM lv50 no height; tint est."
One Blackfriars (the Vase),glass,#4e5e73,1.5,,0:0.9 0.25:1 0.6:0.8 0.85:0.55 1:0.3,,,,"166.3 m (architectural), 50 floors, 2019; Ian Simpson/SimpsonHaugh, 2019, 166.3 m (OSM 163): a bulging, curved glass tower 'the Vase' on an oval plan that narrows toward the top; glass blue-grey: sampled (one-blackfriars/01 blue sky, box 0.28,0.25,0.44,0.45) mean #445469 median #415268 mid #4e5e73 bright30 #67788b: tint the mid. Profile from the photo (est.: widest near the lower third, tapering to a cut top); OSM has several parts (w/389881291 h163 lv52; 771700361/359 h157.35 min 151; 771700360 h163 min 157.35; 771700362/358 h151 min 144.8): the parts make the crown steps; whole=true is not needed. Night: lit floors (one-blackfriars/04)"
1 Leadenhall Street,glass,#647f98,1.5,,,,,,"165.2 m (architectural), 32 floors, 2025; Office tower (158.8 m in Overture/OSM, 165.2 m in the list): blue glass, tint est."
Broadgate Tower (201 Bishopsgate),lattice,#5a7890,16.0,0.05,,,,,"161.3 m (architectural), 35 floors, 2008; NEW STYLE `bracedframe` proposed (lattice fallback, big module): SOM, 2009, 161.3 m, 35 floors: a glass tower whose structure is a large external steel diagonal bracing (visible in broadgate-tower/01 and /02) on a stepped glass massing; tint est. (blue-grey from broadgate-tower/01)"
50–60 Charter Street Tower 1,bands,#7d95aa,1.5,0.5,,,,,"161.0 m (architectural), 49 floors, 2024; Wood Wharf (Canary Wharf): tint est."
The Walkie-Talkie,fins,#93a1ae,1.5,0.12,long:0:0.68:0.81 0.3:0.72:0.85 0.6:0.84:0.93 0.85:1:1 1:1:1;crown@142.4:lean:180:0:1 1:0.12:#aab6be,true,,,"MUST-HAVE. 20 Fenchurch Street, 160 m roof (OSM 160), 37 office floors plus a 3-storey Sky Garden at the top, Rafael Vinoly, 2014. Top-heavy: floor plates grow from about 1,300 m2 (14,000 sq ft) to 2,600 m2 (28,000 sq ft), up to 60 % more floorspace at level 34; corner columns travel 12 m (north-south) and 6 m (east-west) over the height and are faceted every 4 storeys (every 2 near the top); internal spans 11 to 21 m. East and west faces carry vertical aluminium louvres/fins that follow the curve and wrap over the roof; north and south are glazed; the Sky Garden roof is a glass vault on 55 m steel fins. Sampled (walkie-talkie/02 overcast-bright, box 0.42,0.20,0.64,0.42) mean #6e7e8a median #718390, louvred east face #3a3e43; (walkie-talkie/03 blue sky sun, box 0.30,0.30,0.68,0.60) mean #535c68: tint the mid value (est.). OSM is one 3,690 m2 prism (w/201247295, named 'Sky Garden', h160) plus ~300 tiny roof slices: a single footprint, so the profile applies; the long axis is north-south (75 m; 62 m across). Scale 0.68 / 0.81 at the base is from the 12 m and 6 m travel (est.); the curve is concave, widening fastest in the top third (walkie-talkie/02). Fins are not modelled (variant blank) M4 (builder T): whole=true: OSM's prism plus ~300 Sky Garden roof slices are 78 parts in the table, and a profile shapes only a single outline, so the top-heavy flare never applied (eval/m3); merged it lofts through the long: profile. The sloped Sky Garden roof is not modelled (flat top at 160 m).",
One Thames Quay,bands,#7d95aa,1.5,0.5,,,,,"157.6 m (architectural), 49 floors, 2024; Residential tower, 157.6 m, tint est."
40 Leadenhall Street,glass,#6f8296,1.5,,,,,,"156.7 m (architectural), 35 floors, 2024; Office tower (156.7 m) on Leadenhall Street: pale blue-grey glass; tint est."
Barclays HQ (One Churchill Place),glass,#8d98a2,1.5,,,,,,"156.3 m (architectural), 30 floors, 2004; Barclays HQ, 2005, 156.3 m: silver-grey glass and steel; tint est."
2 Finsbury Avenue East Tower,glass,#6a7f94,1.5,,,,,,"156.0 m (architectural), 38 floors, 2027 [topped out (Jan 2026)]; Topped out Jan 2026, completion 2027; no footprint matched (use_height False): the row is for when the footprint exists; tint est."
River Park Tower (Nine Elms),bands,#7d95aa,1.5,0.5,,,,,"155.6 m (architectural), 43 floors, 2023; Nine Elms residential; no footprint matched; tint est."
JP Morgan Tower (25 Bank Street),glass,#6f8296,1.5,,,,,,"153.0 m (architectural), 30 floors, 2003; Cesar Pelli, 2003, 153 m: glass and stainless steel; tint est. as its twin at Citigroup"
Clifford Chance Tower (40 Bank Street),glass,#7f8c97,1.5,,,,,,"153.0 m (architectural), 30 floors, 2003; Foster, 2003, 153 m: steel frame, silver-blue glass; tint est."
10 Upper Bank Street,glass,#5d7f99,1.5,,,,,,"150.9 m (architectural), 30 floors, 2003; Foster, 2003, 150.9 m: glass; tint est. dark blue glass as seen in canary-wharf-cluster/01 (box 0.66,0.36,0.75,0.50 mid #3f6d90 blue sky, mean #325e81: deep blue, toned up)"
South Bank Tower (Kings Reach Tower),bands,#89908d,1.5,0.5,,,,,"150.4 m (architectural), 42 floors, 1978; Kings Reach Tower, 1972, 150.4 m (recladded 2010s): pale grey glass and cladding in vertical bands: sampled (one-blackfriars/01 blue sky, box 0.58,0.20,0.74,0.50) mean #6d7373 median #6a6f6f mid #89908d bright30 #b9bbb6: tint the mid"
Baltimore Tower,bands,#7d95aa,1.5,0.5,,,,,"149.1 m (architectural), 45 floors, 2017; Residential tower, 149.1 m, tint est."
10 Park Drive,bands,#7d95aa,1.5,0.5,,,,,"148.9 m (architectural), 43 floors, 2019; Wood Wharf, tint est."
Guy's Hospital Tower,concretepanel,#8b7b6b,3.0,0.4,,,,,"148.7 m (architectural), 34 floors, 1974; Guy's Tower, 1974, 148.7 m (was the world's tallest hospital building): a concrete tower with projecting brown-grey concrete window units; photographed guys-tower/01 (dark grey-brown concrete, blue sky) and /02: tint est. #8b7b6b"
Pan Peninsula East Tower,bands,#82949f,1.5,0.5,,,,,"148.0 m (architectural), 48 floors, 2008; Pan Peninsula (Broadway Malyan): two towers with large balconies, pale grey glass; tint est."
Maine Tower,bands,#7d95aa,1.5,0.5,,,,,"143.7 m (architectural), 42 floors, 2019; Residential; tint est."
One Bank Street,glass,#7f8c97,1.5,,,,,,"142.9 m (architectural), 28 floors, 2019; Office tower at Canary Wharf, 142.9 m; tint est."
Landmark East Tower (24 Marsh Wall),bands,#7f93a6,1.5,0.5,,,,,"136.5 m (architectural), 44 floors, 2010; Landmark: a pair of residential towers, tint est."
Charrington Tower,bands,#7d95aa,1.5,0.5,,,,,"136.0 m (architectural), 44 floors, 2016; Residential; tint est."
One Bishopsgate Plaza,glass,#6a7f94,1.5,,,,,,"135.9 m (architectural), 42 floors, 2021; Residential, 135.9 m, tint est."
London Eye,floodlit,#e6e6e8,0,,,,,,"STRUCTURE (the list row is a structure): OSM has a 136.5 m round solid (w/204068874, roof:shape round, 1,136 m2) and about 150 capsule parts 126-136 m (26 m2 each): ERROR, exclude them. Figure: 135 m high, wheel 120 m (394 ft) diameter (hub about 67.5 m above the ground), 32 ovoid glass capsules for 25 passengers each (numbered 1-33 without 13, 10 t each), rim a braced steel tube truss, 'bicycle wheel' of tensioned cable spokes, hub and spindle held by a single A-frame on the river side (cantilever), 26 cm/s, 30 min per turn. Colours: rim, spokes and A-frame white-silver steel (sampled A-frame in shade, london-eye/01 box 0.55,0.72,0.62,0.78 median #898377; white est. #e6e6e8); capsules glass in white ring frames. Night: LED rim (Color Kinetics, 2006) in changing colours (red, hot pink, blue-white: london-eye/08 shows red; lit median #80828a). See the .md for the spec"
Chapter London Bridge,bands,#7d95aa,1.5,0.5,,,,,"133.5 m (architectural), 40 floors, 2025; Student housing tower, 133.5 m; tint est."
Keybridge Lofts (Keybridge Tower),bands,#7d95aa,1.5,0.5,,,,,"128.4 m (architectural), 36 floors, 2020; Nine Elms; no footprint matched (use_height False); tint est."
10 George Street,bands,#7d95aa,1.5,0.5,,,,,"128.1 m (architectural), 36 floors, 2019; Wood Wharf; tint est."
CityPoint (1 Ropemaker Street),glass,#8a97a1,1.5,,,,,,"127.1 m (architectural), 36 floors, 1967; CityPoint, 1967, refitted 2000s, 127 m: pale glass and concrete; tint est."
Gladwin Tower,bands,#7d95aa,1.5,0.5,,,,,"126.0 m (architectural), 34 floors, 2019; Nine Elms; tint est."
Willis Building (51 Lime Street),glass,#515e68,1.5,,,,,,"124.8 m (architectural), 28 floors, 2007; Foster, 2008, 124.8 m: curved dark glass and steel stepping tower; OSM colour #515E68 (dark blue-grey glass, the tint from the OSM building:colour, est.)"
Sirocco Tower,bands,#7d95aa,1.5,0.5,,,,,"124.8 m (architectural), 36 floors, 2019; Residential; tint est."
No. 9 Thames City,bands,#7d95aa,1.5,0.5,,,,,"124.8 m (architectural), 36 floors, 2022; Nine Elms; no footprint matched; tint est."
One Crown Place South,glass,#6a7f94,1.5,,,,,,"124.8 m (architectural), 34 floors, 2025; Office, no footprint matched; tint est."
Euston Tower,bands,#5a6470,1.5,0.4,,,,,"124.6 m (architectural), 36 floors, 1970; 1970, 124.6 m: a dark glass and concrete slab tower; photographed euston-tower-millbank-tower/01 (dark glass, pale bands, blue sky); tint est."
Cromwell Tower (Barbican),concretepanel,#b3a284,3.0,0.3,,,,,"123.0 m (architectural), 42 floors, 1973; Barbican towers (Chamberlin Powell and Bon, 1970s): triangular-plan concrete towers, 123 m, 42-43 floors, with projecting balcony triangles in bush-hammered concrete (sampled barbican-towers/02 blue sky, box 0.35,0.45,0.75,0.75 mean #8b7e66 median #95866c mid #b3a284 bright30 #d7c6a6): tint the mid (warm sand-brown). NEW STYLE `precastrelief` would add the rough-cast balconies; use concretepanel"
Lauderdale Tower (Barbican),concretepanel,#b3a284,3.0,0.3,,,,,"123.0 m (architectural), 42 floors, 1974; As Cromwell Tower (sampled barbican-towers/02): concrete, 123 m"
Shakespeare Tower (Barbican),concretepanel,#b3a284,3.0,0.3,,,,,"123.0 m (architectural), 43 floors, 1976; As Cromwell Tower (sampled barbican-towers/02): concrete, 123 m; Barbican photos barbican-towers/01-03"
One Casson Square (Southbank Place),bands,#7d95aa,1.5,0.5,,,,,"122.3 m (architectural), 37 floors, 2019; Southbank Place, 122.3 m, tint est."
Pan Peninsula West Tower,bands,#82949f,1.5,0.5,,,,,"122.0 m (architectural), 39 floors, 2008; Pan Peninsula, tint est."
Sky Gardens (Nine Elms),bands,#7d95aa,1.5,0.5,,,,,"120.0 m (architectural), 36 floors, 2017; Nine Elms; tint est."
40 Marsh Wall,bands,#7d95aa,1.5,0.5,,,,,"119.3 m (architectural), 40 floors, 2017; Hotel/residential tower, tint est."
Millbank Tower,bands,#8a9198,1.5,0.4,,,,,"118.9 m (architectural), 33 floors, 1962; Millbank Tower, 1963 (Ronald Ward), 118.9 m: a tall 'Y' plan of aluminium and glass with cream-coloured panel bands; tint est."
25 Churchill Place,glass,#7f8c97,1.5,,,,,,"118.0 m (architectural), 23 floors, 2014; Canary Wharf office, tint est."
"St Helen's (Aviva Tower, 1 Undershaft site)",glass,#5f7a8c,1.5,,,,,,"117.9 m (architectural), 28 floors, 1969; DEMOLITION under way 2026 (Keltbray): the 118 m tower (the Aviva/Commercial Union Tower, 1969 Gollins Melvin Ward: a dark bronze-glass and steel-frame slab with projecting triangular columns) is being taken down; OSM w/166431068 still lists it as demolition (h118); row kept only as a note: do not extrude (use_height False)"
Centre Point,concretepanel,#c9a880,2.2,0.3,,,,,"NEW STYLE `precastrelief` proposed (concretepanel fallback). Richard Seifert, 1966, 117 m (OSM 117 m w/41117907, 34 floors, 23 x 42 m), a tower of identical precast-concrete 'Portcrete' panels (fine concrete with crushed Portland stone aggregate) forming a sculptural grille of cross-shaped mullions with recessed glazing, a bulging tapering plan (wider at the base), with a 9-storey block and a link; residential since 2018. Sampled (centre-point/01 blue sky, low sun on the panels, box 0.15,0.25,0.35,0.55) mean #a78766 median #b18c68 mid #deb88c bright30 #f8dfb1 (very warm: golden-hour cast); (/02 overcast) pale cream-grey: tint #c9a880 (est. between). Night: white-lit panels against dark (centre-point/06) and blue-lit storeys (/07)"
Rudolf Place (Miller Tower),bands,#7d95aa,1.5,0.5,,,,,"114.9 m (architectural), 37 floors, 2021; Nine Elms; tint est."
22 Ropemaker,glass,#7a8d9e,1.5,,,,,,"112.5 m (architectural), 27 floors, 2023; 22 Ropemaker Street, 112.5 m, office: blue-grey glass and pale bands; tint est."
The Heron,bands,#9aa39c,1.5,0.5,,,,,"112.0 m (architectural), 36 floors, 2013; The Heron (Barbican), 112 m residential tower, 35 floors (Overture): a slim glass tower with light balcony stripes, tint est."
50-60 Charter Street Tower 2,bands,#7d95aa,1.5,0.5,,,,,"112.0 m (architectural), 34 floors, 2024; Wood Wharf, tint est."
St Paul's Cathedral,monument,#d6d0c4,6.0,0.62,h@85=66;h@86=83;h@95=86;h@107=101;h@109.7=109.3;h@65=67.5,,6,#8f9093,"MUST-HAVE. Wren, 1675-1710, 111 m (365 ft) to the cross; length 158 m (518 ft), nave 121 ft wide, 246 ft across the transepts; the dome: two masonry storeys (peristyle of 32 columns, then the attic drum with the Stone Gallery at 52 m), a lead-clad timber outer dome 34 m (112 ft) across rising to the Golden Gallery at 85 m, an 850-ton stone lantern, ball and cross to 111 m; the west front has two 2-storey towers and a portico; Portland stone throughout, cleaned 1990s-2011 so it reads pale grey-white rather than soot. OSM already stacks the dome: drum w/398708095 41-66 m (865 m2 = 33 m circle), dome w/664613340 66-85 m (roof:shape dome, roof:height 19), lantern pieces 83-86, 86-95, 95-102 (dome), 101-107 (pyramidal), 106-111 and a 109.4-109.7 ball (stone-gold #ccb387 in OSM), about 60 one-metre column parts 41-52 m, nave 52-56 m; the building outline w/369161987 is only 35 m. Needs lift_parts (min_h kept) or the dome/lantern stack is a solid column from the ground. Sampled Portland stone: nave wall (st-pauls-cathedral/01, box 0.32,0.58,0.60,0.68) mean #7f7f80 median #868686 bright30 #aeb0b0 (grey, shaded, cool blue-sky cast); peristyle close-up (/04, box 0.05,0.72,0.95,0.80) median #908075 mid #bcaa9d bright30 #dccbc1 (warm); tint #b9b0a0 (est. between; sunlit Portland reads #cdbca3 in region_research). Lead dome (/02 box 0.40,0.42,0.60,0.57) mean #6e6f6f median #60615e, bright30 #cbcbc8; shade side (/01) #63676d: crown colour #8f9093. Night: floodlit warm-white stone with the dome lit (st-pauls-cathedral/08, lit median #8e928d; /07) | take=6 m: the unnamed OSM parts of this landmark (listed above) join it by proximity (tiles.py take); check that no neighbouring unnamed building joins"
Dollar Bay,bands,#7d95aa,1.5,0.5,,,,,"109.0 m (architectural), 31 floors, 2017; Residential, 109 m, tint est."
1 West India Quay,bands,#8d98a2,1.5,0.4,,,,,"108.0 m (architectural), 36 floors, 2004; Marriott/West India Quay, 108 m, tint est."
Shell Centre,stone,#b9b2a4,2.8,0.3,,,,,"107.0 m (architectural), 26 floors, 1961; Shell Centre, 1962 (Howard Robertson), 107 m: a stone-faced concrete tower (Portland stone/ceramic) with regular punched windows; tint est. Portland grey-cream"
99 Bishopsgate,glass,#6a7f94,1.5,,,,,,"106.0 m (architectural), 27 floors, 1976; 99 Bishopsgate, 106 m, office tower; tint est."
Ontario Tower,bands,#7d95aa,1.5,0.5,,,,,"105.5 m (architectural), 32 floors, 2007; Residential, 105.5 m, tint est."
Thirty Casson Square (Southbank Place),bands,#7d95aa,1.5,0.5,,,,,"105.4 m (architectural), 30 floors, 2019; Southbank Place; tint est."
33 Canada Square,glass,#7a8d9e,1.5,,,,,,"105.0 m (architectural), 18 floors, 1999; 33 Canada Square, 105 m, office; tint est."
Chapter Spitalfields,bands,#7d95aa,1.5,0.5,,,,,"104.0 m (architectural), 34 floors, 2010; Student housing tower, 104 m, tint est."
Stock Exchange Tower (Old Broad Street),glass,#8a97a1,1.5,,,,,,"103.3 m (architectural), 27 floors, 1970; Stock Exchange Tower, 1972 (Fitzroy Robinson), 103.3 m: a concrete and glass slab tower; tint est."
Battersea Power Station chimneys (4),monument,#7c5e4e,6.0,0.7,h@50=45;h@55=56;crown@56-103:0:1 1:0.94:#e9e5dc,,8,#e9e5dc,"Four concrete chimneys 103 m (338 ft) each, base 8.5 m diameter tapering to 6.7 m at the top, fluted, cream-grey. OSM: four parts w/223254725, w/223255111, w/223255300, w/223255478 (h103, min 50: they start on the roof; 56-73 m2 each; colour #FFFCD8), on four 55 m corner towers (w/452939929-32, 273-353 m2). Restored 2017-21 (rebuilt to the original fluting). Sampled (battersea-power-station/01 blue sky, shaft box 0.40,0.30,0.48,0.42) mean #a08976 median #ac9e86 mid #b7ac94 bright30 #c8c1ae; (/02 overcast, shade side) #6d513e; unrestored 2008 (/04, box 0.43,0.06,0.49,0.22) median #a6a4a4 bright30 #e5e2dc (weathered white-grey concrete): tint #b9b09a (est.). Night: lit at events; at dusk the brick base is lit and the chimneys stay pale (battersea-power-station/07). Windowless `floodlit` parts: they need take to be reached by name | take=8 m: the unnamed OSM parts of this landmark (listed above) join it by proximity (tiles.py take); check that no neighbouring unnamed building joins M4 (builder H): the name covers the whole station (13 pieces): red-brown brick (blank ashlar kind, the brick tint #7a5243: #8e5a43 rendered orange in the M4h shot), the four chimneys above 56 m cut as white crowns tapering a little (crown@56-103), as the 2017-21 rebuilt concrete chimneys read.",
No.5 Upper Riverside,bands,#7d95aa,1.5,0.5,,,,,"102.0 m (architectural), 31 floors, 2019; Greenwich Peninsula, 102 m, tint est."
Westmark Tower (Paddington),glass,#7a8a96,1.5,,,,,,"101.7 m (architectural), 30 floors, 2021; Paddington, 101.7 m, tint est."
Hilton London Park Lane,concretepanel,#c4bfb3,2.8,0.4,,,,,"101.0 m (architectural), 29 floors, 1963; Hilton London Park Lane, 1963 (Lewis Solomon), 101 m: a curved-front concrete tower with pale panels and projecting balconies; tint est."
Portland House (30 High),concretepanel,#b0a89a,2.8,0.3,,,,,"101.0 m (architectural), 29 floors, 1963; Portland House, 1963 (Fitzroy Robinson), 101 m: a cruciform Victoria tower of concrete panels and glass; tint est."
One Angel Court,glass,#7f8d9a,1.5,,,,,,"100.7 m (architectural), 26 floors, 1979; One Angel Court, 2017, 100.7 m: blue-grey glass, tint est."
Four Casson Square (Southbank Place),bands,#7d95aa,1.5,0.5,,,,,"100.0 m (architectural), 29 floors, 2019; Southbank Place, tint est."
The O2 masts (12),floodlit,#d8b53c,0,,,,,,"12 masts 100 m high (structure figure), yellow painted steel, tapering tubes leaning outwards at the top; OSM has no parts (the list row is a structure). Sampled none clean (the-o2/01): est. yellow #d8b53c. Figure spec in the .md"
Tate Modern (Bankside Power Station chimney),monument,#6a5040,9.0,0.76,h@99=93;crown@25-93:0:1 1:1:#5f4a3b,,4,#5f4a3b,"NEW STYLE `powerstation` proposed (factory fallback). Giles Gilbert Scott, 1947-63; the chimney 99 m (OSM w/123075366 min 25, 134 m2, brick, 13 m across), tapering square brick shaft with a pale stone rim ('light box' top since 2000: stone-and-glass beacon); brown-black London stock brick, vertical brick fluting. Sampled (tate-modern/03 blue sky sun, chimney box 0.33,0.30,0.55,0.60) mean #655242 median #574637 bright30 #a68e76; (/01 overcast) chimney mean #4a4a4c (dark); brick reads dark brown, near black in shade: tint #574637. The boiler house 25 m (OSM w/123075369, 10,566 m2) and the turbine hall (34 m, glass roof strip: w/123075376 2,766 m2 glass #C6ECE9 min 25) wear the same style | take=4 m: the unnamed OSM parts of this landmark (listed above) join it by proximity (tiles.py take); check that no neighbouring unnamed building joins | M10 fix round (critic: generic box under the chip): the power-station kind (monument 0.76: brown brick, one tall slot window per 9 m bay from a tenth to nine tenths of the wall, no floor grid; the Switch House's 64.5 m parts take it too), the chimney cut to 93 m and windowless (crown@25-93 reshapes the 25-99 m part whole), the light box on top a [[structures]] figure (93-99 m)."
Victoria Tower (Palace of Westminster),monument,#b8a482,12.0,0.56,h@63=84,,3,#a49460,"98.5 m (323 ft) with the flagstaff; plan about 26 x 27 m (Overture 'Victoria Tower' 26 x 27 m, h96); square tower with four corner turrets and a gilded crown (roof colour est. #a49460); Anston limestone as the palace (sampled palace-of-westminster/05, box 0.33,0.40,0.52,0.65: mean #675752 median #66554f bright30 #99857d, low sun). The row name must match the OSM part or the tower keeps the palace row | take=3 m: the unnamed OSM parts of this landmark (listed above) join it by proximity (tiles.py take); check that no neighbouring unnamed building joins"
Landmark West Tower (24 Marsh Wall),bands,#7f93a6,1.5,0.5,,,,,"98.0 m (OSM tag), 30 floors, 2010; Landmark; tint est."
Shard Place,bands,#8a9ca8,1.5,0.5,,,,,"96.2 m (OSM tag), 26 floors, 2023; Shard Place, 96.2 m, next to the Shard (the Shard's podium parts 70 and 74 m belong to a different building); tint est."
No.4 Upper Riverside,bands,#7d95aa,1.5,0.5,,,,,"96.1 m (OSM tag), 29 floors, 2019; Greenwich Peninsula, tint est."
Elizabeth Tower (Big Ben),monument,#b8a482,5.0,0.5,crown@60.5-82:0:1 0.4:1 0.42:0.78 1:0.2:#3f464b;crown@72.5-88:0:1 1:0.06:#3f464b,,4,#3f464b,"MUST-HAVE. 96 m (316 ft), Augustus Pugin / Charles Barry, 1859: a 12.2 m (40 ft) square brick shaft, its bottom 61 m clad in sand-coloured Anston limestone (South Yorkshire), then a framed spire of cast iron with cast-iron roof tiles; clock dials 6.9 m (22.5 ft) across, 54.9 m (180 ft) above ground, cast-iron frames with 324 pieces of opal glass each; the Ayrton Light above the belfry lights when Parliament sits after dark; the belfry behind louvres; gilded ribs and finials. OSM: w/123557148 (186 m2 outline, roof pyramidal 35) and stacked parts 96 (min 90) / 91 (82-91, pyramidal 9) / 88 (72.5-88, roof 11.5, colour #ddbb55 gilded) / 82 (60.5-82, 118 m2, roof 16.5) / 70.1 gabled pieces: the clock stage, belfry and spire are already in the data. Sampled: (palace-of-westminster/03 blue sky, box 0.82,0.45,0.86,0.60) shaft mean #69554a median #695549 bright30 #89766b; (palace-of-westminster/05 late sun, Victoria Tower) #66554f: the stone reads dark honey-brown in these frames; region_research gives sunlit #d3c0a6: tint #b8a482 (est.). Night: dials lit cream-white, amber floodlit stone (big-ben/08, lit median #c08a5f). The two crown directives (the 60.5-82 m part, the gilded 72.5-88 m part) are untested: `crown@a-b` takes parts whose TOP is b m and cuts them at a m (engine: tiles.py crown()), and they only make sense with min_h kept; drop them if the parts already read as a spire | take=4 m: the unnamed OSM parts of this landmark (listed above) join it by proximity (tiles.py take); check that no neighbouring unnamed building joins"
Palace of Westminster (Houses of Parliament),monument,#c3b392,6.0,0.56,roofs@7/60:0:1:0 1:1:5:#4a5058,,4,#4a5058,"MUST-HAVE. Perpendicular Gothic Revival (Charles Barry and Pugin, 1840-70), 112,476 m2, long axis parallel to the Thames; Anston limestone (sand-coloured magnesian limestone); lead/iron roofs. Towers: Victoria Tower 98.5 m (323 ft, 12-floor archive 'keep'), Central Tower 91 m (299 ft, octagonal, over the Central Lobby), Elizabeth Tower 96 m; the river front is about 265 m long (est. from the OSM/Overture outline 127 x 279 m); the roofline is hundreds of pinnacles and turrets. OSM: r/1567699 outline (Overture: h11 m, 127 x 279 m) with about 150 parts: central spire w/1144193784 (78 m, min 62, pyramidal 16), 62/53.5, 59.5/36.5 (pyramidal 9.5), gabled pieces 59/25 (13 m roofs), 49/25 (263 m2, roof 24), pinnacles 37-39 m (3 m2, pyramidal). Colour: sampled (palace-of-westminster/03 blue sky sun, box 0.15,0.60,0.70,0.68) mean #6d5d57 median #64534c mid #76635b bright30 #a99892 (the river front reads dark brown-grey in this shot: soot and backlight); (/05, Victoria Tower, low sun) #675752; region_research sunlit #d3c0a6: tint #b8a482 (est., clean stone). Night: amber floodlighting (palace-of-westminster/08, lit median #a28962), reflected in the river | take=4 m: the unnamed OSM parts of this landmark (listed above) join it by proximity (tiles.py take); check that no neighbouring unnamed building joins"
70 St Mary Axe (The Can of Ham),glass,#6a7f8e,1.5,,,,,,"90.5 m (OSM tag), 24 floors, 2019; 70 St Mary Axe, 2019, 90.5 m (the Can of Ham: a sloping glass top): glass, tint est.; Overture 24 floors"
Lloyd's of London,panel,#9aa0a4,2.0,,,,,,"88.0 m (OSM tag),  floors, 1986; Richard Rogers, 1986, 88 m (OSM Overture 88 m): inside-out: stainless-steel service towers (lifts, toilets, ducts) cladding a glass atrium; the steel reads silver-grey: sampled none (lloyds-building/01, /03 show brushed steel pipes against glass): tint est. #9aa0a4"
Bank of America Tower (Canary Wharf),glass,#7a8d9e,1.5,,,,,,"87.7 m (OSM tag), 15 floors, 2005; Canary Wharf office, 87.7 m; tint est."
Westminster Cathedral (campanile),brickstone,#94776a,5.0,,,,,#8c8a84,"87 m campanile (John Francis Bentley, 1895-1903); Byzantine revival: red brick in horizontal bands with white Portland stone (banded 'zebra' walls), a stone-topped campanile with a loggia near the top and a cross, domes on the nave. Sampled (westminster-cathedral/02, overcast-bright sky, campanile box 0.30,0.40,0.42,0.75, brick and stone bands together): mean #94776a median #8c6c61 mid #a88c7b bright30 #cab4a9; the cathedral body (box 0.58,0.58,0.92,0.72) mean #736664: the red brick reads brown-pink, the bands cream-white; tint = the campanile mean. Brickstone (red brick, stone bands) is the closest style. OSM gives no separate part for the campanile (Overture 'Westminster Cathedral' 84 x 116 m, h22.5)"
Fraser Place,bands,#7d95aa,1.5,0.5,,,,,"85.0 m (OSM tag),  floors, ; Canary Wharf residential, 85 m; tint est."
The Lighterman,bands,#7d95aa,1.5,0.5,,,,,"80.0 m (OSM tag), 24 floors, 2019; Greenwich Peninsula, 80 m; tint est."
Westminster Abbey,monument,#cdc7b8,6.0,0.5,,,5,#8a8a8a,"MUST-HAVE. West towers 69 m (Hawksmoor, 1740s, Gothic with Baroque; the list's 69 m), nave vault 31 m (102 ft) inside, length about 160 m, crossing roof lantern (rebuilt 1958), Henry VII Lady Chapel at the east end; stone: Reigate facings, Purbeck marble inside, Portland stone in places, cleaned so the west front is pale cream; lead roofs. OSM parts near the point: 51 m (w/363728287, 174 m2, pyramidal roof 5: the crossing lantern?), 47 m pinnacles (3-8 m2), 43 m gabled roofs (w/153342452 923 m2 nave, 222/305/301 m2 transepts and choir), 40-44 m: the 69 m towers may be unnamed parts not reached by this row (check; use take). Sampled: (westminster-abbey/01, saturated deep-blue sky frame, box 0.60,0.45,0.75,0.55) median #e2dde2 (overexposed: not usable); (/05 overcast, tower box 0.38,0.25,0.55,0.45) mean #605444 median #665848 (sooty honey-grey): tint #c2b8a0 (est.; the cleaned front reads cream-grey in /01 and /06). Night: floodlit warm cream, the rose window lit (westminster-abbey/07) | take=5 m: the unnamed OSM parts of this landmark (listed above) join it by proximity (tiles.py take); check that no neighbouring unnamed building joins | M10 fix round (critic: generic box under the chip): grey-white stone (it shared the Palace's tan); OSM's west towers (61-62 m with 69 m pinnacles) kept; the preset from 265 degrees shows the west front."
St Bride's Church (steeple),monument,#b9b0a0,5.0,0.3,,,,,"69.0 m (tip),  floors, 1703; Wren's steeple, 1703, 69 m (226 ft): tiered octagonal stages of Portland stone (the wedding-cake), restored after the Blitz; check the OSM steeple parts; tint est. Portland; steeple stages as crown `0:1 0.35:0.75 0.6:0.5 0.85:0.3 1:0.05` untested"
Tower Bridge,monument,#bfb49a,5.0,0.5,h@65=47;h@57=47;h@47=0,,,#8a8e95,"MUST-HAVE, plus a STRUCTURE (the bridge itself; see the .md for the [[structures]] spec). Towers: 65 m (213 ft), steel frames clad in Cornish granite and Portland stone, Victorian Gothic (Horace Jones, John Wolfe Barry, 1894; Stevenson's ornate cladding); OSM has the two towers as parts: shafts 47 m from 9 m (w/934056830/31, 367652741, 204-208 m2), pyramidal caps 47-65 m (w/934056833/37, 138 m2, roof 18), gabled pieces 39-57 m, eight 6 m2 corner turrets 36-58 m (w/3676527xx) and 9 m concrete bases (w/367652787/91, about 1,030-1,044 m2, the piers); the walkways 40-45 m (w/367652753, w/367653917, steel, colour 'lightblue'). Spans: 200 ft (61 m) clear between towers, bascules 1,070 t each rotating 82 degrees (opening height 135 ft, 29 ft closed), side spans 270 ft (82 m) suspension, 940 ft (290 m) in all, roadway 60 ft between parapets, walkways 143 ft (44 m) above high water. Colours (sampled): tower stone in overcast (tower-bridge/03) mean #abb0b6 median #bac0c8 (cool), low sun (/02, box 0.30,0.20,0.40,0.45) mean #b8aa84 median #c9b98c (warm): tint #bfb49a; turquoise chains/upper girders #5c97ad, deck blue #315171, white trim #e6e6e8 (blue and white, repainted 2008-12); granite pier base #3b3a37 (dark). Night: floodlit towers in warm white, blue lights on the chains (tower-bridge/09) | take=6 m: the unnamed OSM parts of this landmark (listed above) join it by proximity (tiles.py take); check that no neighbouring unnamed building joins M4 fix round: OSM's tower parts (nameless: joined by `near`, the towers' centres) are dropped by h@; the towers are [[structures]] figures (scripts/m4h_structures.py)",-0.075136 51.505857 14|-0.075597 51.505172 14
Tate Modern Blavatnik Building (Switch House),factory,#624e3f,6.0,,,,3,#6a5646,"NEW STYLE `powerstation` proposed (factory fallback). Herzog and de Meuron, 2016, 64.5 m, a 10-storey stepped and twisted pyramid (OSM: five parts 64.5 m, colour #AF5F37 brick, w/542122680 skillion 64.5 and w/542122684 39.5), clad in a perforated brick lattice over glass (a 'brick veil', 336,000 bricks): reads darker brown from afar. Sampled (tate-modern/03, box 0.05,0.40,0.25,0.55) mean #574b3e median #574435 mid #624e3f; (/02) warm brown-grey: tint #624e3f (est.). Night: the lattice glows amber at dusk (tate-modern/07) | take=3 m: the unnamed OSM parts of this landmark (listed above) join it by proximity (tiles.py take); check that no neighbouring unnamed building joins"
Monument to the Great Fire of London,floodlit,#b9b0a0,0,0.5,,,3,#c9a24a,"STRUCTURE: Wren and Hooke, 1671-77, 61.6 m (202 ft), a fluted Doric column of Portland stone on a square pedestal: shaft 120 ft (36.6 m) and 15 ft (4.6 m) across at the base, plinth/pedestal about 28 ft square and 40 ft high with a bas-relief on the north side, capital 15 ft high, a gilt-bronze flaming urn 9 ft (2.7 m) on top, a viewing gallery with a cage at the top, 311 steps inside. Sampled (the-monument/02 blue sky, shaft box 0.50,0.30,0.60,0.50) mean #8d8883 median #8d8883 bright30 #a6a29d; pedestal #726f68 (shade): stone reads grey-beige in cool light: tint #b9b0a0 (est., Portland; shaft sampled cool). OSM: a 62 m way 11 x 12 m (Overture). Gilded urn roof colour est. #c9a24a; model as a figure (shaft radius 2.3 m at the base, tapering; pedestal about 8.5 m square; the urn) or as an 11 x 12 m prism with a `0:1 0.92:0.85 1:0.6` profile (untested) | take=3 m: the unnamed OSM parts of this landmark (listed above) join it by proximity (tiles.py take); check that no neighbouring unnamed building joins"
IFS Cloud Cable Car (Emirates Air Line) south tower,floodlit,#d6d8da,0,,,,,,"60.0 m (tip),  floors, 2012; STRUCTURE: white steel pylon 60 m (south, Greenwich side), a lattice tripod pylon, 3S cable car across the Thames (1.1 km); see .md; sampled none (emirates-cable-car/01, /02: white pylon against blue sky); no building"
Battersea Power Station (boiler house),factory,#8a6a56,6.0,,,,8,,"NEW STYLE `powerstation` proposed (factory is the fallback). Giles Gilbert Scott, station A 1933 and B 1955: 160 x 170 m gross, brick over a steel frame (one of the world's largest brick buildings), boiler house roof over 50 m (OSM parts: 50 m 9,044 m2 and four 55 m corner towers; the outline w/4965216 is only 30 m, wrong: it is 23,683 m2 of 30 m base), vertical brick piers with narrow window strips and fluting, turbine halls 30 m; the 2012-22 restoration re-bricked the facade in matching brick and added a glazed roof garden (blue-green glass) on top. Sampled (battersea-power-station/01 blue sky, box 0.30,0.60,0.60,0.80) mean #906148 median #956347 bright30 #af7b5e; (/02 overcast-bright) median #8f6a4b; unrestored shade (/04) mean #63554d median #524845: tint #956347 (restored, sunlit). Night: lit facade windows (battersea-power-station/07) | take=8 m: the unnamed OSM parts of this landmark (listed above) join it by proximity (tiles.py take); check that no neighbouring unnamed building joins M4 fix round (builder F): tint #956347 -> #8a6a56, orange-brown, less red and saturated (critic, colour only)."
The O2 (Millennium Dome),panel,#e6e8ea,0,,dome:0.2,,,#d8b53c,"STRUCTURE + dome: Richard Rogers (RSHP), 1999, a PTFE-coated glass-fibre fabric tent 365 m across (one metre per day), 52 m high (one per week), 72 radial segments of two panels each, 1 mm thick, 12 yellow steel masts 100 m high (the mast colour #d8b53c est. from the-o2/01 yellow on a dull photo; sampled white fabric in overcast (the-o2/01, box 0.20,0.50,0.55,0.60) mean #cccac4 median #cfd3d9 bright30 #ebedec) supporting a net of 70 km of steel cable (72 stringer pairs, 32 mm spiral strand, radial spacing 25-30 m); the circular roof opening (a 'hole' near the north-west, white rim) for the arena air; the base ring of white fabric and the O2 Arena inside (1,000+ seats). OSM/Overture: 'The O2' 345 x 347 m outline h50 (the list's 52). Model: a dome `shell`/`dome:0` profile on the circular outline with 12 masts as a `figure` (prisms/tubes) plus radiating cables if desired. Night: the dome lit white/magenta with the masts lit white (the-o2/07, /08)"
Nelson's Column,floodlit,#a8a39b,0,0.5,,,,,"STRUCTURE: 51.6 m (169 ft 3 in), Corinthian column of Dartmoor granite (grey-tan, weathered), 1843, on a granite plinth with four bronze relief panels and four Landseer lions (1867), the bronze capital (made from cannon), and the 5.5 m statue of Nelson (sandstone) on top. Sampled (nelsons-column/01 blue sky, shaft box 0.45,0.25,0.55,0.60) mean #828383 median #67696c mid #a9a8a4 bright30 #d4d3ce: cool grey granite; tint #a8a39b (est.). OSM: a 30 x 30 m way (Overture 'Nelson's Column' 30 x 30 m). Figure: plinth about 5.5 m square and 9 m high (est.), shaft radius about 1.6 m (est.) tapering, capital, statue"
Old Royal Naval College (twin domes),monument,#b5ad9f,5.5,0.3,,,4,#8a9198,"Christopher Wren, Hawksmoor and Vanbrugh, 1696-1751: four courts (King Charles, Queen Anne, King William, Queen Mary) around the Queen's House axis, each of King William and Queen Mary with a dome (Painted Hall and Chapel), Doric colonnades flanking the vista; Portland stone. The list's 50 m is an estimate (no measured dome height in this pass); OSM: 'KW' 107 x 121 m (Overture 4 floors), Queen Mary Court etc. Sampled (old-royal-naval-college/02, dramatic cloud, box 0.42,0.28,0.80,0.36) mean #777571 median #777876 bright30 #aba8a4 (a dull grey: heavy cloud, moved toward sunlit Portland), dome lead (box 0.30,0.12,0.40,0.26) median #7a838a: tint #b5ad9f (est.; region_research ORNC mid #aa9a93 p90 #e6d0bb). The dome centres are not in the OSM outlines (landmark position is the outline centre) | take=4 m: the unnamed OSM parts of this landmark (listed above) join it by proximity (tiles.py take); check that no neighbouring unnamed building joins"
Cutty Sark,floodlit,#6b5a45,0,,,,,,"46 m (main mast), 1869 tea clipper on dry dock at Greenwich, three masts, dark-green hull (black/green) with gilded figurehead; structure, not a building (hull, masts and rigging as a figure). Photos: cutty-sark-hms-belfast/01 (on the Greenwich shore at dusk) and /02 (rigging detail): only two, a pub-named Commons search crowded the rest out"
HMS Belfast,floodlit,#8a9098,0,,,,,,"41 m (mast), 1938 Royal Navy cruiser moored in the Pool of London, grey; a structure (ship) on the water. Photos: hms-belfast/01-05 (moored by Tower Bridge and the Shard, bow view, night); hull and turrets light grey-blue `#8a9098` est."
National Gallery,monument,#b5ad9f,5.5,0.3,crown@22-27:dome:0:#8a9198;crown@19-23:dome:0:#8a9198,,3,#8a9198,"37.0 m (ESTIMATED),  floors, 1838; William Wilkins, 1838: a long Portland stone front on Trafalgar Square with a Corinthian portico in the centre and a drum dome with a dark lead cap (dome seen in national-gallery-somerset-house/01, blue sky; its sample was shaded and is not usable); 37 m (est.); national-gallery-somerset-house/01 (blue sky, portico and dome) and /04 (floodlit at night, lit median #bf9f4d gold) | take=3 m: the unnamed OSM parts of this landmark (listed above) join it by proximity (tiles.py take); check that no neighbouring unnamed building joins"
BBC Broadcasting House,limestone,#bfbdb2,4.5,0.3,,,,,"34.0 m (roof),  floors, 1932; Broadcasting House, 1932 (Val Myer), 34 m: Portland stone on a steel frame, a curved prow like a ship, stepped upper storeys; the glazed new wing (2013) is a separate curtain-wall part: sampled (broadcasting-house/01, overcast, box 0.35,0.35,0.75,0.65) median #b5b3a9 mid #c7c6bc bright30 #d3d3ca: tint between; photos broadcasting-house/01, /04 (the lit glass wing, blue night)"
Tower of London (White Tower),monument,#cfc6b4,5.0,0.7,crown@30-34:0:1.05 0.25:1.12 0.55:0.75 0.8:0.32 1:0.04:#555b62;crown@31-35:0:1.05 0.25:1.12 0.55:0.75 0.8:0.32 1:0.04:#555b62,,3,#8a8d95,"MUST-HAVE. White Tower 36 x 32 m at the base (not counting the corner towers), 27 m to the southern battlements and about 32 m to the turret tops (estimate; the list's 27.5 m), Caen stone dressings with Kentish ragstone, cream-grey walls, few tall round-arched windows, four corner turrets (three square and one round stair turret, all with lead onion caps and weather vanes), walls 4.5 m thick at the base. OSM w/369135772 has no height (the landmark list 27.5, turrets about 32 m est.; Overture 'White Tower' 17.7 m from lidar); the rest of the castle: walls 6-12 m, Wakefield Tower 12 m. Sampled (tower-of-london/01 blue sky, box 0.20,0.50,0.50,0.75) mean #9f9582 median #9c8f78 bright30 #e3dbcb; (/03 river view, box 0.50,0.40,0.80,0.55) median #bfaa96 mid #d4c0ad: tint #b6a590 (est. between shade and sun). Lead caps (/01, box 0.76,0.17,0.82,0.23) median #8a8991. Night: floodlit warm (tower-of-london/08) | take=3 m: the unnamed OSM parts of this landmark (listed above) join it by proximity (tiles.py take); check that no neighbouring unnamed building joins"
Somerset House,monument,#cfc8b9,5.5,0.3,,,,,"25.0 m (ESTIMATED),  floors, 1801; William Chambers, 1776-96: Portland stone quadrangle with rusticated base and giant-order pilasters, 25 m (est.); photos somerset-house/01-05 (Strand-side courtyard front with its dome, the quadrangle, the river front, a detail of the giant order, a dusk lit in pink); tint est. Portland grey-cream"
Buckingham Palace,monument,#d4cec0,5.5,0.3,,,3,#7f8a90,"MUST-HAVE. East front (Aston Webb, 1913, Portland stone) 108 m (355 ft) wide, 24 m (80 ft) high, palace 120 m deep, 775 rooms, 77,000 m2; a long classical front with a central pediment and the balcony, pavilions at each end, flat balustraded roof; the garden front has a central bow (Music Room) under a green copper dome: sampled east front: (buckingham-palace/01, overcast, box 0.12,0.38,0.50,0.55) mean #988980 median #a09187 mid #ad9e95 bright30 #c0b2aa and (box 0.50,0.36,0.90,0.52) mean #8e847e mid #ab9e96 (a warm grey: the stone is sooty and the light flat); (buckingham-palace/02, cloud, box 0.30,0.40,0.85,0.50) mean #6b615c (front in shade); garden front (buckingham-palace/05 rear, box 0.55,0.22,0.90,0.40) median #d5b58a mid #e5c398 bright30 #f4dbb4 (warm, low sun): tint #b4a79b (between the overcast front mid #ad9e95 and the sunlit garden front; Portland stone reads darker and greyer than white-cream). Overture: one 188 x 246 m outline h23.4 (3 floors). Night: floodlit cream-gold front (buckingham-palace/08, lit median #948c80; /07 dusk) | take=3 m: the unnamed OSM parts of this landmark (listed above) join it by proximity (tiles.py take); check that no neighbouring unnamed building joins | M10 fix round (critic: generic box under the chip): Portland stone tint lightened (#b4a79b read dark taupe), the preset from the east at 10:00 so the east front is lit."
Royal Observatory Greenwich (Flamsteed House),brickstone,#a5674e,3.5,,,,,#8a8991,"Flamsteed House, Wren and Hooke, 1675-76 (completed summer 1676, 520 pounds): the octagon room (20 ft / 6 m high) with a turret topped by the red time ball (5 ft / 1.5 m wood and leather, drops at 13:00) and a small lead-capped onion dome on the equatorial building; red brick with white quoins and stone dressings; the long brick Meridian building with a stock-brick look; the Altazimuth Pavilion and a Great Equatorial Building dome (fibreglass now); hill at 68 m (223 ft). OSM heights: Flamsteed House 10 m (Overture), the list's 20 m is est.; Great Equatorial Building 10.7 m. Sampled (royal-observatory/01 saturated blue sky, box 0.35,0.42,0.52,0.60) mean #a19994 median #a08d84 (brick+white quoins); Meridian building stock-brick (box 0.06,0.50,0.30,0.65) median #787366 mid #878174: tint #a5674e (est. brick). Night: windows lit (royal-observatory/06)"
Wellington Arch,monument,#a09a93,0,0.7,,,,,"20.0 m (ESTIMATED),  floors, 1830; Decimus Burton, 1828 (moved 1883), 20 m (est.): a stone triumphal arch (Portland stone on a structure of Bath/Portland; Corinthian engaged columns), a bronze quadriga (Peace descending on the Chariot of War) on top; sampled (wellington-arch/01, blue sky, wall box 0.20,0.45,0.80,0.60, in shade) mean #615953 median #554c45 mid #6a625c bright30 #9e9997; quadriga bronze (box 0.35,0.08,0.65,0.22) mean #3f434c: tint the bright30 (sun-lit face est.)"
London Waterloo Station,panel,#8f969c,3.0,,shell:0.45:14,,,,"M4 (builder H): the train shed's ridge-and-furrow glazing over 58,507 m2 (set_h 20 m; the lidar's 33 m was a neighbour's edge): grey steel and glass, the roof eased in from the walls (shell). The Victory Arch front is not split out."
London King's Cross Railway Station,panel,#a39a8a,3.0,,shell:0.35:18,,,,"M4 (builder H): Cubitt's twin brick-and-glass barrel sheds (1852), 23 m (set_h); one vault from the outline (shell), stock-brick tint."
St Pancras International Station,panel,#8b97a3,3.0,,shell:0.22:34,,,,"M4 (builder H): Barlow's train shed (1868), a 73 m pointed arch to 30.5 m (OSM's tag; set_h): glazed roof on sky-blue iron ribs, the vault from the outline (shell inset 34 m); the 2007 northern extension (flat, ~15 m) is in the same outline and vaults too."
St Pancras Renaissance London Hotel,brickstone,#9a5040,4.0,,roofs@9/100:0:1:0 1:1:6:#4f5560,,,#5d6168,"M4 (builder H): Scott's Midland Grand Hotel (1876): red Gripper brick with Ancaster stone bands, slate roofs; 34 m (set_h); its clock tower (82 m) and west tower are figures (scripts/m4h_structures.py)."
Lambeth Palace,brickstone,#9b6a55,4.0,,,,,,M4 (builder H): red brick Tudor and Gothic Revival ranges round courts; brought back (keep r1403938).
Royal Albert Hall,monument,#9c5a43,6.0,0.72,h@46.6=44;h@43.8=40;crown@25-40:0:1 0.3:1 0.5:0.95 0.7:0.84 0.85:0.66 1:0.4:#8e979b,,,#8e979b,"M4 (builder H): red brick and terracotta drum, the glazed iron dome (OSM's parts to 46.6 m). | M10 fix round (critic: generic box under the chip): red brick blank monument (0.72: no window grid), the inner drum over the 25 m ring a shallow glazed dome (crown@25-43.8, iron-and-glass grey), the buff terracotta frieze a [[structures]] ring."
Queen's House,limestone,#e4dfd4,4.5,,,,,,"M4 (builder H): Inigo Jones's white Palladian villa (1635), 12.5 m (set_h); white rendered and Portland stone."
Victoria Station,panel,#8f969c,3.0,,shell:0.5:12,,,,"M4 (builder H): the train sheds over the platforms (r6036811, 12,121 m2, 18 m; M2 brought it back): grey glazed ridge-and-furrow roofs eased in from the walls (shell), not a brick-faced box (M4h shot)."
Westminster Hall,monument,#c3b392,6.0,0.56,roofs@9/500:0:1:0 1:1:9:#5f666d,,,#5f666d,"M10 fix round (critic: generic box under the chip): Westminster Hall (1097, roof 1393-1401) was 'modern' grey glass: Perpendicular stone like the Palace (0.56), its 1,689 m2 body's top 9 m a hipped lead roof (est. from photos: walls ~19 m, ridge ~28 m)."
British Museum,monument,#d3cdbf,5.0,0.62,h@37=0,,,#7a8890,"M10 fix round (critic: generic box under the chip): Smirke's Greek Revival (1823-52): the peristyle kind (monument 0.62: a column per 5 m bay on a podium, no windows) in Portland stone (est.); OSM's lifted 32-37 m Reading Room lantern dropped (h@37=0): the Reading Room's drum, dome and lantern and the Great Court's glazed lattice roof are [[structures]] figures."
Victoria Memorial,floodlit,#e4e1da,0,0.5,h@16.3=0,,,,"M10 fix round (critic: generic box under the chip): OSM's outline (w374945234, a 173 m2 octagon at 16.3 m) read as a brown building with windows: dropped; the memorial is the [[structures]] figure (stepped white marble base, pylon, gilt Victory at 25 m)."
Art and Science,floodlit,#d9d4c8,0,0.5,,,,,"M10 fix round (critic: generic box under the chip): a Victoria Memorial sculpture group on its pedestal (OSM 24 m2, 3.5 m): plain stone, no windows."
Naval and Military Power,floodlit,#d9d4c8,0,0.5,,,,,"M10 fix round (critic: generic box under the chip): a Victoria Memorial sculpture group on its pedestal (OSM 24 m2, 3.5 m): plain stone, no windows."
Albert Memorial,floodlit,#ddd8cc,0,0.5,h@9.6=0,,,,"M10 fix round (critic: generic box under the chip): the unnamed 117 m2 outline under the memorial (w372965957, 9.6 m 'house') dropped (h@9.6=0) for the [[structures]] figure; the unnamed corner groups (Agriculture, Commerce...) within 30 m join as plain marble blocks.",-0.1776916 51.5024173 30
Africa,floodlit,#ddd8cc,0,0.5,,,,,"M10 fix round (critic: generic box under the chip): an Albert Memorial continent group (OSM 16-18 m2): white marble, no windows."
Asia,floodlit,#ddd8cc,0,0.5,,,,,"M10 fix round (critic: generic box under the chip): an Albert Memorial continent group (OSM 16-18 m2): white marble, no windows."
America,floodlit,#ddd8cc,0,0.5,,,,,"M10 fix round (critic: generic box under the chip): an Albert Memorial continent group (OSM 16-18 m2): white marble, no windows."
Europe,floodlit,#ddd8cc,0,0.5,,,,,"M10 fix round (critic: generic box under the chip): an Albert Memorial continent group (OSM 16-18 m2): white marble, no windows."
Cutty Sark dry dock,floodlit,#aebcc2,0,0.5,h@8.2=2.8,,,,"M10 fix round (critic: generic box under the chip): OSM's unnamed outline round the hull (w969672514, 1,675 m2, the lidar's 8.2 m through the ship) was a Georgian terrace: the glazed canopy over the dry dock, pale glass at 2.8 m (est.), no rooftops; the hull and rigging are the [[structures]] figure.",-0.0095753 51.4828462 8
Greenwich Foot Tunnel South,monument,#9a5c47,4.0,0.72,h@13.5=0;h@12.2=0;h@5=9.5;crown@5-9.5:dome:0:#9fb2b8,,,#9fb2b8,"M10 fix round (critic: generic box under the chip): the rotunda (1902): a red-brick drum (blank monument, no windows) under a glazed dome (crown@5-9.5, est.); OSM's two small lifted lantern pieces dropped."
Southwark Cathedral,monument,#b4a88f,5.0,0.5,,,,#7d8288,"M10 fix round: gothic (monument 0.5) in its grey-buff stone (est.), for the Borough Market chip; OSM's tower 39.5 m with four 49.8 m pinnacles."
Shaftesbury Memorial Fountain,floodlit,#5e4b36,0,0.5,h@4=0,,,,M10 fix round: OSM's 18 m2 outline (a 4 m 'shed' with windows) dropped; the fountain and Anteros are a [[structures]] figure.,
Criterion,limestone,#d3c6aa,4.0,,,,,,"M10 fix round (Piccadilly Circus chip): the Criterion (1873-74, Thomas Verity), French Renaissance Portland stone (est.), was a white post-war grid.",
London Pavillion,limestone,#cfc3a8,4.0,,,,,,"M10 fix round (Piccadilly Circus chip): the London Pavilion (1885, OSM's spelling), stone with a balustraded attic (est.).",
