name,facade,tint,module,variant,profile,whole,notes
One World Trade Center,glass,#44617f,1.5,,anti:0.135,true,"square antiprism from the 56 m base to the 417 m parapet (the parts' corner triangles, extruded, gave a square prism); glass between the blue-sky and overcast samples"
Empire State Building,crowned,#cfc9bc,1.5,0.1,tops@330:0:1 0.5:0.92 0.5:0.74 0.78:0.64 0.78:0.5 1:0.42|0:0.3 0.3:0.2 1:0.07,,"Indiana limestone, window strips between piers; setbacks and mast from OSM parts"
Chrysler Building,crowned,#e6e3d4,1.4,0.9,crown@244:0:1 0.12:1 0.12:0.84 0.3:0.8 0.3:0.66 0.48:0.62 0.48:0.5 0.66:0.46 0.66:0.34 0.84:0.3 0.84:0.2 1:0.14,,"white brick, flush window grid; the crown from about 244 m (below the highest occupied floor, 252 m) to the 282 m roof is stepped stainless arches, five tiers narrowing to the needle (est. from photos); the needle (a part) to 319 m"
432 Park Avenue,stone,#dcdcd6,4.72,0.9,,,"white concrete grid of 3 m square windows, 6 per face"
Central Park Tower,fins,#5f7390,1.5,0.15,,,"glass with pale pinstripe fins"
One Vanderbilt,bands,#8a9aa6,1.5,0.97,,,"clear glass with white glazed terracotta spandrels at every floor (KPF; Boston Valley Terra Cotta); pale and luminous in sun, not dark"
Steinway Tower,piers,#8a7a66,1.5,0.9,,,"terracotta piers (cream, glazed) with bronze filigree between recessed glass on the east and west faces; stepped south face from the parts"
30 Hudson Yards,glass,#5f7d98,1.5,,,,"KPF curtain wall, blue-grey with light vertical fins; the Edge deck is a structure (city.toml)"
Flatiron Building,stone,#e2d6c2,2.2,0.2,,true,"terracotta and limestone; one body to its roof (OSM maps only half the wedge as a part)"
Statue of Liberty,floodlit,#a8a397,,0.6,,,"Fort Wood and the pedestal: grey Stony Creek granite and concrete, no windows; floodlit at night"
35 Hudson Yards,fins,#5d7196,1.5,0.4,,,"glass with pale stone piers"
53W53,lattice,#3c5679,9.0,0.15,,,"concrete diagrid over glass"
3 World Trade Center,glass,#56708f,1.52,,,,"overcast #5d6d84, blue sky #4f6f9f"
4 World Trade Center,glass,#7f8fa8,1.52,,,,"reflective glass, minimal mullions"
7 World Trade Center,glass,#33588a,1.5,,,,"low-iron glass over stainless spandrels"
8 Spruce Street,panel,#88a3ab,1.5,0.0,,,"rippled stainless skin"
Bank of America Tower,glass,#56697c,1.5,,,,"fritted and clear glass, faceted"
220 Central Park South,stone,#d6d0c4,1.6,0.1,,,"limestone"
30 Rockefeller Plaza,crowned,#a6a6a0,1.5,0.2,,,"limestone piers, dark spandrels"
40 Wall Street,crowned,#a89d85,1.5,0.3,,,"buff brick; copper pyramid"
Woolworth Building,crowned,#dedbd4,1.5,0.1,,,"white terracotta"
70 Pine Street,crowned,#a39c94,1.5,0.2,,,"brick and limestone"
MetLife Building,stone,#9aa2a4,1.6,0.9,,,"precast concrete mullions"
Citigroup Center,bands,#a8b1bd,1.5,0.9,,,"aluminium and glass bands"
56 Leonard Street,glass,#6e7f8c,1.5,,,,"cantilevered glass boxes (the Jenga tower)"
One57,glass,#4f6a8f,1.5,,,,"blue glass in two tones"
15 Hudson Yards,glass,#5b7390,1.5,,,,"diagrid-patterned glass"
The Spiral,glass,#5a7aa6,1.5,,0:1 0.2:1 0.2:0.95 0.4:0.95 0.4:0.9 0.6:0.9 0.6:0.85 0.8:0.85 0.8:0.8 1:0.8,,"terraces spiral up: approximated as setbacks (no OSM parts)"
270 Park Avenue,glass,#5f7187,1.5,,,,"Foster tower"
One Times Square,signs,#2e3440,1.5,0.99,,,"covered in signs and screens from the street to its top (its offices are empty); style parameter 0.99 = signs to the top"
One Manhattan Square,glass,#3e5560,1.5,,,,"glass with copper-toned pleats (Extell, 2019); read as glass, not a concrete grid"
The Brooklyn Tower,fins,#3a3d44,,0.9,,,"hexagonal smoky-grey glass with dark bronze fins, stepping in toward a finned crown (landmarks_waterfronts.md)"
Brooklyn Point,glass,#5d6f85,,,,,"silver-white frame grid with blue-grey glass"
11 Hoyt,stone,#b9bcbf,,,,,"scalloped pale precast panels round bay windows"
Williamsburgh Savings Bank Tower,stone,#c8bca8,1.5,,,,"limestone base, buff brick and terracotta, clock stage and dome"
99 Hudson Street,piers,#3e4854,3.0,0.4,,,"limestone piers between dark blue-grey glass strips, glass crown box"
30 Hudson Street (Goldman Sachs Tower),glass,#7d8fa0,,,,,"silver-blue glass with thin mullions, notched corners"
Sable (Jersey City Urby),glass,#1f2c3d,,,,,"stacked shifted dark navy boxes with light spandrel bands"
101 Hudson Street,stone,#b8a88c,,,,,"tan granite and precast grid, crenellated crown"
Exchange Place Centre (10 Exchange Place),glass,#5f7f78,,,,,"sea-green reflective glass"
Clocktower Building (1 Main Street),stone,#d8d4c8,,,,,"cream-painted concrete, clock stage"
Hoboken Terminal,stone,#6e4f3d,,,,,"copper cladding weathered dark bronze"
