name_zh,name_en,height_m,height_type,floors,status,year,lat,lon,source,notes,feature,use_height
Central Park Tower,Central Park Tower,461.9,roof,98,completed,2020,40.766393,-73.980782,CTBUH Skyscraper Center #14269; OSM way/261509934; Wikipedia list of tallest buildings in NYC,"MUST-HAVE. roof 461.9 (CTBUH); arch/tip 472.4 = top of crown screen; top floor 431.8. OSM outline way/261509934 (h472); main top part way/1107961665 (h466, 623 m2); crown parts relation/14745243 (472), way/1107961667 (471); cantilever part way/1107961661 (89-433 m) east over Art Students League. Point = centroid of way/1107961665. | CTBUH roof 461.92; arch 472.44; OSM max part 472.0, OSM main-volume top 466.0; OSM outline way/261509934; point = centroid of part way/1107961665 (h 466.0); aka 217 West 57th Street, 225 West 57th Street",building,True
432 Park Avenue,432 Park Avenue,425.7,roof,85,completed,2015,40.761615,-73.971844,CTBUH Skyscraper Center #13227; OSM way/261499924; Wikipedia list of tallest buildings in NYC,"MUST-HAVE. height = parapet 425.7 (CTBUH architectural; the 28.5 m square grid shaft rises to it, no spire); CTBUH roof slab 416.3; top floor 392.1. OSM outline way/261499924 (also relation/15578644); top part way/463593207 (h425.5, 804 m2). Point = centroid of way/463593207. | height = parapet/top of main volume (CTBUH architectural 425.7); CTBUH roof slab 416.27; OSM max part 426.0, OSM main-volume top 425.5; OSM outline way/261499924; point = centroid of part way/463593207 (h 425.5)",building,True
270 Park Avenue,270 Park Avenue,423.1,roof,61,completed,2025,40.755977,-73.97597,CTBUH Skyscraper Center #34450; OSM way/1240347246; Wikipedia list of tallest buildings in NYC,"height = parapet/top of main volume (CTBUH architectural 423.06); CTBUH roof slab 413.0; OSM max part 423.0, OSM main-volume top 423.0; OSM outline way/1240347246; point = centroid of part way/1470357701 (h 423.0); aka 270 Park Avenue",building,True
One World Trade Center,One World Trade Center,417.0,roof,94,completed,2014,40.713001,-74.013186,CTBUH Skyscraper Center #98; OSM way/713565776; Wikipedia list of tallest buildings in NYC,"MUST-HAVE. roof 417 (parapet of main volume, CTBUH roof 416.97); arch 541.3 incl. spire; antenna tip 546.2; top floor 386.5. OSM outline way/713565776 (h417); main roof part way/241029253 (h417, 2110 m2); spire base way/241029248 (417-420); spire way/241029247 (420-541, 26 m2). Point = centroid of way/241029253. | CTBUH roof 416.97; arch 541.3; tip 546.2; OSM max part 541.0, OSM main-volume top 420.0; OSM outline way/713565776; point = centroid of part way/241029248 (h 420.0); aka 285 Fulton Street",building,True
One Vanderbilt,One Vanderbilt,392.6,roof,62,completed,2020,40.752784,-73.978701,CTBUH Skyscraper Center #15833; OSM way/265875648; Wikipedia list of tallest buildings in NYC,"MUST-HAVE. roof 392.6 (CTBUH); arch/tip 427.0 = top of spire; top floor 330.1. OSM outline way/265875648 (h397); crown parts way/1470380435 (h397) etc.; spire way/1470380434 (427, pyramidal). Point = centroid of way/1470380435 (h397 crown/top). Wikipedia infobox roof 1,301 ft = 396.5 m (conflicts with CTBUH 392.6). | CTBUH roof 392.6; arch 427.02; OSM max part 427.0, OSM main-volume top 397.0; OSM outline way/265875648; point = centroid of part way/1470380441 (h 315.0); aka One Vanderbilt",building,True
30 Hudson Yards,30 Hudson Yards,387.1,roof,73,completed,2019,40.754164,-74.000934,CTBUH Skyscraper Center #13325; OSM way/264656626; Wikipedia list of tallest buildings in NYC,"MUST-HAVE. roof 379.2 (CTBUH); arch/tip 387.1 = top of the slanted crown; top floor 342.1; Edge observation deck cantilever at ~335-345 m (OSM part way/1485516284 min 335 h340). OSM outline way/264656626 (h395, OSM overstates); top parts way/1485848982 (h395) etc. Point = centroid of way/1485848982. OSM crown 395 exceeds CTBUH 387.1 (OSM likely wrong). | height = parapet/top of main volume (CTBUH architectural 387.07); CTBUH roof slab 379.17; OSM max part 395.0, OSM main-volume top 395.0; OSM outline way/264656626; point = centroid of part way/1485848982 (h 395.0); aka Hudson Yards Tower A, Manhattan Tower, Hudson Yards North To",building,True
Steinway Tower,Steinway Tower,383.3,roof,84,completed,2021,40.764998,-73.977437,CTBUH Skyscraper Center #14320; OSM way/261504064; Wikipedia list of tallest buildings in NYC,"MUST-HAVE (111 West 57th Street). roof 383.3 (CTBUH); arch/tip 435.3 = top of the feathered south-face setback crown; top floor 345.5. OSM outline way/261504064 (tower slab, 699 m2, no height tag); setback slices way/1158813428 (435) ... way/1158813440 (200), 31-77 m2 each. Point = centroid of way/1158813428 (topmost slice, north edge of tower). Wikipedia/SHoP filing pinnacle 433.9 m vs CTBUH 435.25. | CTBUH roof 383.28; arch 435.25; OSM max part 435.0, OSM main-volume top 435.0; OSM outline way/261504064; point = centroid of part way/1158813428 (h 435.0); aka Steinway Tower",building,True
Empire State Building,Empire State Building,381.0,roof,102,completed,1931,40.748421,-73.985672,CTBUH Skyscraper Center #261; OSM way/34633854; Wikipedia list of tallest buildings in NYC,"MUST-HAVE. roof 381 = top of 102nd-floor mooring-mast level (CTBUH roof=arch 381.0); tip of antenna 443.2; top floor 373.1. Main shaft 86th-floor roof ~320 m (OSM part way/137425144 h320; way/137425142 h330 = 86th-floor base of mast). OSM outline way/34633854; mast way/265932618 (330-390); antenna way/137425145 (330-443.2). Point = centroid of way/137425142. | CTBUH roof 381.0; arch 381.0; tip 443.23; OSM max part 443.2, OSM main-volume top 330.0; OSM outline way/34633854; point = centroid of part way/137425142 (h 330.0); aka 350 5th Avenue",building,True
3 World Trade Center,3 World Trade Center,328.9,architectural,69,completed,2018,40.710906,-74.011484,CTBUH Skyscraper Center #273; OSM way/166839381; Wikipedia list of tallest buildings in NYC,"CTBUH gives architectural 328.88 only (no roof value); OSM max part 352.0, OSM main-volume top 352.0; OSM outline way/166839381; point = centroid of part way/960146511 (h 352.0); aka Tower 3",building,True
The Spiral,The Spiral,313.9,roof,65,completed,2022,40.75525,-73.999582,CTBUH Skyscraper Center #23571; OSM way/1021580375; Wikipedia list of tallest buildings in NYC,"height = parapet/top of main volume (CTBUH architectural 313.91); CTBUH roof slab 302.93; OSM max part 317.3, OSM main-volume top 317.3; OSM outline way/1021580375; point = centroid of part way/1021580375 (h 317.3); aka 66 Hudson Boulevard",building,True
One57,One57,306.1,roof,75,completed,2014,40.765609,-73.979081,CTBUH Skyscraper Center #570; OSM way/260283692; Wikipedia list of tallest buildings in NYC,"height = parapet/top of main volume (CTBUH architectural 306.07); CTBUH roof slab 306.07; OSM max part 306.0, OSM main-volume top 306.0; OSM outline way/260283692; point = centroid of part way/292145968 (h 306.0); aka Park Hyatt Hotel/Condo",building,True
520 Fifth Avenue,520 Fifth Avenue,304.8,architectural,76,topped out,2026,40.754482,-73.980624,CTBUH Skyscraper Center #41276; OSM way/1240350113; Wikipedia list of tallest buildings in NYC,"CTBUH gives architectural 304.8 only (no roof value); OSM max part 304.8, OSM main-volume top 304.8; OSM outline way/1240350113; point = centroid of part way/1240350113 (h 304.8)",building,True
35 Hudson Yards,35 Hudson Yards,304.8,architectural,72,completed,2019,40.754618,-74.002249,CTBUH Skyscraper Center #14698; OSM way/468721008; Wikipedia list of tallest buildings in NYC,"CTBUH gives architectural 304.8 only (no roof value); OSM max part 304.8, OSM main-volume top 304.8; OSM outline way/468721008; point = centroid of part way/1089415978 (h 304.8); aka Hudson Yards Tower E, Equinox Tower, 32 Hudson Yards",building,True
One Manhattan West,One Manhattan West,303.6,architectural,67,completed,2019,40.752759,-73.997752,CTBUH Skyscraper Center #8898; OSM way/636861359; Wikipedia list of tallest buildings in NYC,"CTBUH gives architectural 303.6 only (no roof value); OSM max part 303.0, OSM main-volume top 303.0; OSM outline way/636861359; point = centroid of part way/1089873004 (h 303.0); aka Manhattan West North Tower",building,True
50 Hudson Yards,50 Hudson Yards,299.0,architectural,58,completed,2022,40.75448,-74.000001,CTBUH Skyscraper Center #15882; OSM way/1021580376; Wikipedia list of tallest buildings in NYC,"CTBUH gives architectural 299.0 only (no roof value); OSM max part 308.2, OSM main-volume top 308.2; OSM outline way/1021580376; point = centroid of part way/1473059058 (h 308.2); aka 2 Hudson Boulevard",building,True
4 World Trade Center,4 World Trade Center,297.7,roof,65,completed,2014,40.71027,-74.012045,CTBUH Skyscraper Center #545; OSM way/278033587; Wikipedia list of tallest buildings in NYC,"height = parapet/top of main volume (CTBUH architectural 297.73); CTBUH roof slab 291.94; OSM max part 310.0, OSM main-volume top 310.0; OSM outline way/278033587; point = centroid of part way/274285830 (h 310.0)",building,True
53W53,53W53,296.2,roof,77,completed,2019,40.761787,-73.978153,CTBUH Skyscraper Center #317; OSM way/261504062; Wikipedia list of tallest buildings in NYC,"CTBUH roof 296.21; arch 320.07; OSM max part 320.0, OSM main-volume top 320.0; OSM outline way/261504062; point = centroid of part way/261504062 (h 320.0); aka 53W53, 53 West 53 Above MoMA, MoMA Expansion Tower",building,True
220 Central Park South,220 Central Park South,289.6,roof,65,completed,2019,40.766945,-73.980786,CTBUH Skyscraper Center #11182; OSM way/636639123; Wikipedia list of tallest buildings in NYC,"height = parapet/top of main volume (CTBUH architectural 289.56); CTBUH roof slab 288.04; OSM max part 290.0, OSM main-volume top 290.0; OSM outline way/636639123; point = centroid of part way/1477878527 (h 290.0); aka 220 Central Park South Tower",building,True
Bank of America Tower,Bank of America Tower,287.9,roof,55,completed,2009,40.755369,-73.984459,CTBUH Skyscraper Center #291; OSM way/86121621; Wikipedia list of tallest buildings in NYC,"CTBUH roof 287.89; arch 365.8; OSM max part 366.0, OSM main-volume top 262.0; OSM outline way/86121621; point = centroid of part way/279687419 (h 240.0); aka One Bryant Park",building,True
30 Park Place,30 Park Place,282.2,architectural,67,completed,2016,40.71282,-74.00914,CTBUH Skyscraper Center #652; OSM way/75309476; Wikipedia list of tallest buildings in NYC,"CTBUH gives architectural 282.2 only (no roof value); OSM max part 286.0, OSM main-volume top 286.0; OSM outline way/75309476; point = centroid of part way/1552449595 (h 286.0); aka Four Seasons Hotel and Private Residences New York Downtown",building,True
Chrysler Building,Chrysler Building,281.9,roof,77,completed,1930,40.751602,-73.975332,CTBUH Skyscraper Center #422; OSM way/42500770; Wikipedia list of tallest buildings in NYC,"MUST-HAVE. roof 281.9 (CTBUH; top of occupied floors inside the crown); arch/tip 318.9 = top of the stainless-steel spire; crown terraces from ~242 m (OSM round parts 242-272). OSM outline way/42500770; crown top part way/260904072 (h282, 488 m2); spire way/196647417 (272-319). Point = centroid of way/260904072. | CTBUH roof 281.94; arch 318.9; OSM max part 319.0, OSM main-volume top 282.0; OSM outline way/42500770; point = centroid of part way/260904072 (h 282.0)",building,True
Citigroup Center,Citigroup Center,278.9,roof,63,completed,1977,40.758407,-73.97024,CTBUH Skyscraper Center #648; OSM way/164105516; Wikipedia list of tallest buildings in NYC,"height = parapet/top of main volume (CTBUH architectural 278.9); CTBUH roof slab 278.9; OSM max part 279.0, OSM main-volume top 279.0; OSM outline way/164105516; point = centroid of part way/258744609 (h 279.0); aka Citigroup Center",building,True
15 Hudson Yards,15 Hudson Yards,278.6,roof,70,completed,2019,40.753517,-74.003239,CTBUH Skyscraper Center #14783; OSM way/457386018; Wikipedia list of tallest buildings in NYC,"height = parapet/top of main volume (CTBUH architectural 278.58); CTBUH roof slab 267.0; OSM max part 278.6, OSM main-volume top 278.6; OSM outline way/457386018; point = centroid of part way/1089426654 (h 278.6); aka Fifteen Hudson Yards, Hudson Yards Tower D, Culture Tower, T",building,True
125 Greenwich Street,125 Greenwich Street,278.0,architectural,72,completed,2025,40.709084,-74.012757,CTBUH Skyscraper Center #14315; OSM way/278033630; Wikipedia list of tallest buildings in NYC,"CTBUH gives architectural 278.0 only (no roof value); OSM max part 278.0, OSM main-volume top 278.0; OSM outline way/278033630; point = centroid of part way/1126606244 (h 278.0); aka The Greenwich by Rafael Viñoly, 22 Thames Street",building,True
10 Hudson Yards,10 Hudson Yards,267.7,architectural,52,completed,2016,40.752537,-74.001357,CTBUH Skyscraper Center #13326; OSM way/303603808; Wikipedia list of tallest buildings in NYC,"CTBUH gives architectural 267.67 only (no roof value); OSM max part 272.8, OSM main-volume top 272.8; OSM outline way/303603808; point = centroid of part way/1485842940 (h 272.8); aka Hudson Yards Tower C, Coach Tower, Hudson Yards South Tower",building,True
8 Spruce Street,8 Spruce Street,265.2,roof,76,completed,2011,40.71091,-74.005664,CTBUH Skyscraper Center #699; OSM way/109473848; Wikipedia list of tallest buildings in NYC,"height = parapet/top of main volume (CTBUH architectural 265.18); CTBUH roof slab 256.66; tip 271.58; OSM max part 271.6, OSM main-volume top 271.6; OSM outline way/109473848; point = centroid of part way/274750647 (h 271.6)",building,True
40 Wall Street,40 Wall Street,264.0,roof,71,completed,1930,40.706965,-74.009691,CTBUH Skyscraper Center #619; OSM way/278042253; Wikipedia list of tallest buildings in NYC,"CTBUH roof 263.96; arch 282.55; OSM max part 282.5, OSM main-volume top 262.0; OSM outline way/278042253; point = centroid of part way/286057109 (h 262.0); aka 40 Wall Street, Bank of Manhattan",building,True
Trump World Tower,Trump World Tower,262.4,roof,72,completed,2001,40.752551,-73.967709,CTBUH Skyscraper Center #735; OSM way/104071486; Wikipedia list of tallest buildings in NYC,"height = parapet/top of main volume (CTBUH architectural 262.44); CTBUH roof slab 257.0; OSM max part 261.9, OSM main-volume top 261.9; OSM outline way/104071486; point = centroid of part way/258750667 (h 261.9)",building,True
262 Fifth Avenue,262 Fifth Avenue,262.1,architectural,54,topped out,2026,40.745261,-73.98721,CTBUH Skyscraper Center #27873; OSM way/1275711615; Wikipedia list of tallest buildings in NYC,"CTBUH gives architectural 262.13 only (no roof value); OSM max part 262.128, OSM main-volume top 262.128; OSM outline way/1275711615; point = centroid of part way/1484826082 (h 262.128)",building,True
70 Pine Street,70 Pine Street,260.0,roof,67,completed,1932,40.706437,-74.007675,CTBUH Skyscraper Center #18405; OSM way/278069587; Wikipedia list of tallest buildings in NYC,"CTBUH roof 260.0; arch 290.17; OSM max part 290.0, OSM main-volume top 256.0; OSM outline way/278069587; point = centroid of part way/286032743 (h 256.0)",building,True
30 Rockefeller Plaza,30 Rockefeller Plaza,259.1,roof,70,completed,1933,40.758996,-73.979272,CTBUH Skyscraper Center #775; OSM way/487519790; Wikipedia list of tallest buildings in NYC,"height = parapet/top of main volume (CTBUH architectural 259.08); CTBUH roof slab 256.0; OSM max part 260.0, OSM main-volume top 260.0; OSM outline way/487519790; point = centroid of part way/145341259 (h 260.0)",building,True
Two Manhattan West,Two Manhattan West,258.8,roof,58,completed,2023,40.752043,-73.998094,CTBUH Skyscraper Center #8897; OSM way/413056165; Wikipedia list of tallest buildings in NYC,"CTBUH roof 258.75; arch 285.0; OSM max part 285.0, OSM main-volume top 285.0; OSM outline way/413056165; point = centroid of part way/413056165 (h 285.0); aka Manhattan West South Tower",building,True
Sutton Tower,Sutton Tower,258.3,roof,65,completed,2022,40.758281,-73.961283,CTBUH Skyscraper Center #29342; OSM way/265433020; Wikipedia list of tallest buildings in NYC,"height = parapet/top of main volume (CTBUH architectural 258.27); CTBUH roof slab 243.53; OSM max part 258.0, OSM main-volume top 258.0; OSM outline way/265433020; point = centroid of part way/265433020 (h 258.0); aka 426-432 East 58th Street",building,True
One Manhattan Square,One Manhattan Square,258.2,architectural,72,completed,2019,40.710422,-73.991479,CTBUH Skyscraper Center #16055; OSM relation/17246617; Wikipedia list of tallest buildings in NYC,"CTBUH gives architectural 258.2 only (no roof value); OSM max part 258.0, OSM main-volume top 258.0; OSM outline relation/17246617; point = centroid of part way/611246737 (h 258.0); aka 252 South Street",building,True
56 Leonard Street,56 Leonard Street,250.2,roof,57,completed,2016,40.717645,-74.00626,CTBUH Skyscraper Center #844; OSM way/261499928; Wikipedia list of tallest buildings in NYC,"height = parapet/top of main volume (CTBUH architectural 250.24); CTBUH roof slab 250.24; OSM max part 250.0, OSM main-volume top 250.0; OSM outline way/261499928; point = centroid of part way/261499928 (h 250.0)",building,True
CitySpire,CitySpire,248.1,roof,75,completed,1987,40.764218,-73.979664,CTBUH Skyscraper Center #895; OSM way/265150598; Wikipedia list of tallest buildings in NYC,"CTBUH roof 248.11; arch 248.11; OSM max part 248.0, OSM main-volume top 245.0; OSM outline way/265150598; point = centroid of part way/260942909 (h 245.0); aka CitySpire Center",building,True
28 Liberty Street,28 Liberty Street,247.8,roof,60,completed,1961,40.70785,-74.008982,CTBUH Skyscraper Center #900; OSM way/279530782; Wikipedia list of tallest buildings in NYC,"height = parapet/top of main volume (CTBUH architectural 247.81); CTBUH roof slab 247.81; OSM max part 248.0, OSM main-volume top 248.0; OSM outline way/279530782; point = centroid of part way/278042252 (h 248.0)",building,True
MetLife Building,MetLife Building,246.3,roof,59,completed,1963,40.753416,-73.976719,CTBUH Skyscraper Center #909; OSM way/137564642; Wikipedia list of tallest buildings in NYC,"height = parapet/top of main volume (CTBUH architectural 246.28); CTBUH roof slab 246.28; OSM max part 246.0, OSM main-volume top 246.0; OSM outline way/137564642; point = centroid of part way/137564641 (h 246.0)",building,True
Bloomberg Tower,Bloomberg Tower,245.6,roof,54,completed,2004,40.761755,-73.967988,CTBUH Skyscraper Center #917; OSM way/138000178; Wikipedia list of tallest buildings in NYC,"height = parapet/top of main volume (CTBUH architectural 245.62); CTBUH roof slab 245.0; tip 286.82; OSM max part 287.0, OSM main-volume top 246.0; OSM outline way/138000178; point = centroid of part way/138000186 (h 246.0); aka Alexander's Tower, One Beacon Court",building,True
The Madison,The Madison,245.4,architectural,56,completed,2022,40.745714,-73.985141,CTBUH Skyscraper Center #18240; OSM way/265042569; Wikipedia list of tallest buildings in NYC,"CTBUH gives architectural 245.44 only (no roof value); OSM max part 243.0, OSM main-volume top 243.0; OSM outline way/265042569; point = centroid of part way/700543208 (h 243.0); aka 126 Madison Avenue, 15 East 30th Street",building,True
The Centrale,The Centrale,244.8,architectural,64,completed,2019,40.756052,-73.971835,CTBUH Skyscraper Center #16994; OSM way/265884366; Wikipedia list of tallest buildings in NYC,"CTBUH gives architectural 244.75 only (no roof value); OSM max part 245.0, OSM main-volume top 245.0; OSM outline way/265884366; point = centroid of part way/265884366 (h 245.0); aka 138 East 50th Street",building,True
Woolworth Building,Woolworth Building,241.4,architectural,58,completed,1913,40.712388,-74.00819,CTBUH Skyscraper Center #969; OSM way/75363809; Wikipedia list of tallest buildings in NYC,"CTBUH gives architectural 241.4 only (no roof value); OSM max part 237.8, OSM main-volume top 237.8; OSM outline way/75363809; point = centroid of part way/274782341 (h 237.8); aka Cathedral of Commerce",building,True
8 Carlisle Street,8 Carlisle Street,240.5,architectural,64,topped out,2026,40.708778,-74.013917,CTBUH Skyscraper Center #46915; OSM way/370070547; Wikipedia list of tallest buildings in NYC,"CTBUH gives architectural 240.49 only (no roof value); OSM max part 240.0, OSM main-volume top 240.0; OSM outline way/370070547; point = centroid of part way/370070547 (h 240.0); aka 8 Carlisle Street",building,True
111 Murray Street,111 Murray Street,240.2,roof,60,completed,2018,40.715444,-74.012743,CTBUH Skyscraper Center #16970; OSM way/507295419; Wikipedia list of tallest buildings in NYC,"height = parapet/top of main volume (CTBUH architectural 240.18); CTBUH roof slab 228.56; OSM max part 241.4, OSM main-volume top 241.4; OSM outline way/507295419; point = centroid of part way/507295419 (h 241.4); aka 101 Tribeca, 111 Murray Street",building,True
520 Park Avenue,520 Park Avenue,237.9,roof,54,completed,2018,40.764062,-73.969993,CTBUH Skyscraper Center #14878; OSM way/265345788; Wikipedia list of tallest buildings in NYC,"height = parapet/top of main volume (CTBUH architectural 237.92); CTBUH roof slab 225.12; OSM max part 237.7, OSM main-volume top 237.7; OSM outline way/265345788; point = centroid of part way/265345788 (h 237.7)",building,True
One Worldwide Plaza,One Worldwide Plaza,237.1,architectural,47,completed,1989,40.762234,-73.986954,CTBUH Skyscraper Center #1030; OSM way/265338408; Wikipedia list of tallest buildings in NYC,"CTBUH gives architectural 237.14 only (no roof value); OSM max part 237.0, OSM main-volume top 235.0; OSM outline way/265338408; point = centroid of part way/259890860 (h 235.0)",building,True
50 West 66th Street,50 West 66th Street,236.2,architectural,52,completed,2025,40.772788,-73.980315,CTBUH Skyscraper Center #31502; OSM way/269219593; Wikipedia list of tallest buildings in NYC,"CTBUH gives architectural 236.22 only (no roof value); OSM max part 236.22, OSM main-volume top 236.22; OSM outline way/269219593; point = centroid of part way/1473749188 (h 236.22); aka 36 West 66th Street",building,True
19 Dutch,19 Dutch,231.0,architectural,63,completed,2018,40.709812,-74.007377,CTBUH Skyscraper Center #19176; OSM way/278078943; Wikipedia list of tallest buildings in NYC,"CTBUH gives architectural 231.0 only (no roof value); OSM max part 231.0, OSM main-volume top 231.0; OSM outline way/278078943; point = centroid of part way/278078943 (h 231.0)",building,True
Carnegie Hall Tower,Carnegie Hall Tower,230.7,roof,60,completed,1991,40.764867,-73.979582,CTBUH Skyscraper Center #1090; OSM way/265148505; Wikipedia list of tallest buildings in NYC,"height = parapet/top of main volume (CTBUH architectural 230.74); CTBUH roof slab 230.74; OSM max part 231.0, OSM main-volume top 231.0; OSM outline way/265148505; point = centroid of part way/292288738 (h 231.0)",building,True
130 William,130 William,230.1,roof,61,completed,2020,40.709133,-74.006236,CTBUH Skyscraper Center #29945; OSM way/1226598262; Wikipedia list of tallest buildings in NYC,"height = parapet/top of main volume (CTBUH architectural 230.07); CTBUH roof slab 215.77; OSM max part 245.0, OSM main-volume top 245.0; OSM outline way/1226598262; point = centroid of part way/1226598266 (h 245.0); aka The Wall Street Tower",building,True
1717 Broadway,1717 Broadway,229.6,roof,67,completed,2013,40.76446,-73.982748,CTBUH Skyscraper Center #9786; OSM way/259888102; Wikipedia list of tallest buildings in NYC,"height = parapet/top of main volume (CTBUH architectural 229.62); CTBUH roof slab 221.81; OSM max part 230.0, OSM main-volume top 230.0; OSM outline way/259888102; point = centroid of part way/282855579 (h 230.0); aka 1717 Broadway",building,True
787 Seventh Avenue,787 Seventh Avenue,229.2,roof,51,completed,1985,40.761701,-73.981814,CTBUH Skyscraper Center #1118; OSM way/137707119; Wikipedia list of tallest buildings in NYC,"height = parapet/top of main volume (CTBUH architectural 229.21); CTBUH roof slab 229.21; OSM max part 229.0, OSM main-volume top 229.0; OSM outline way/137707119; point = centroid of part way/148572717 (h 229.0)",building,True
One Penn Plaza,One Penn Plaza,228.6,roof,57,completed,1972,40.751324,-73.992515,CTBUH Skyscraper Center #1123; OSM way/138147416; Wikipedia list of tallest buildings in NYC,"height = parapet/top of main volume (CTBUH architectural 228.6); CTBUH roof slab 221.29; OSM max part 229.0, OSM main-volume top 229.0; OSM outline way/138147416; point = centroid of part way/138147420 (h 229.0)",building,True
1251 Avenue of the Americas,1251 Avenue of the Americas,228.6,roof,54,completed,1972,40.760001,-73.981646,CTBUH Skyscraper Center #1126; OSM way/146031971; Wikipedia list of tallest buildings in NYC,"height = parapet/top of main volume (CTBUH architectural 228.6); CTBUH roof slab 228.6; OSM max part 229.0, OSM main-volume top 229.0; OSM outline way/146031971; point = centroid of part way/146031975 (h 229.0); aka 1251 6th Avenue",building,True
Deutsche Bank Center North,Deutsche Bank Center North,228.3,roof,55,completed,2004,40.768905,-73.983082,CTBUH Skyscraper Center #1124; OSM way/167923911; Wikipedia list of tallest buildings in NYC,"height = parapet/top of main volume (CTBUH architectural 228.32); CTBUH roof slab 219.2; OSM max part 230.0, OSM main-volume top 230.0; OSM outline way/167923911; point = centroid of part way/183199499 (h 230.0); aka 991 8th Avenue, 1819 Broadway, 1 Time Warner Center, The Sho",building,True
Deutsche Bank Center South,Deutsche Bank Center South,228.3,roof,55,completed,2004,40.768258,-73.983098,CTBUH Skyscraper Center #1125; OSM way/167923911; Wikipedia list of tallest buildings in NYC,"height = parapet/top of main volume (CTBUH architectural 228.32); CTBUH roof slab 219.2; OSM max part 230.0, OSM main-volume top 230.0; OSM outline way/167923911; point = centroid of part way/183199505 (h 230.0); aka 991 8th Avenue, 1819 Broadway, 1 Time Warner Center, The Sho",building,True
200 West Street,200 West Street,228.3,roof,44,completed,2010,40.714896,-74.014378,CTBUH Skyscraper Center #1133; OSM way/75309475; Wikipedia list of tallest buildings in NYC,"height = parapet/top of main volume (CTBUH architectural 228.3); CTBUH roof slab 228.3; OSM max part 228.0, OSM main-volume top 228.0; OSM outline way/75309475; point = centroid of part way/289690318 (h 228.0); aka Battery Park City, Site 26",building,True
New York Times Building,New York Times Building,227.4,roof,52,completed,2007,40.756073,-73.990107,CTBUH Skyscraper Center #423; OSM relation/1860567; Wikipedia list of tallest buildings in NYC,"CTBUH roof 227.38; arch 318.77; OSM max part 319.0, OSM main-volume top 232.0; OSM outline relation/1860567; point = centroid of part way/260282082 (h 232.0)",building,True
60 Wall Street,60 Wall Street,227.1,roof,55,completed,1989,40.706243,-74.008447,CTBUH Skyscraper Center #1151; OSM way/278069586; Wikipedia list of tallest buildings in NYC,"CTBUH roof 227.08; arch 227.08; OSM max part 227.0, OSM main-volume top 205.0; OSM outline way/278069586; point = centroid of part way/274278478 (h 205.0)",building,True
7 World Trade Center,7 World Trade Center,226.5,roof,49,completed,2006,40.713396,-74.012077,CTBUH Skyscraper Center #1117; OSM way/277890516; Wikipedia list of tallest buildings in NYC,"height = parapet/top of main volume (CTBUH architectural 226.5); CTBUH roof slab 222.55; OSM max part 228.0, OSM main-volume top 225.0; OSM outline way/277890516; point = centroid of part way/1547351734 (h 225.0)",building,True
Casoni,Casoni,226.5,architectural,68,topped out,2026,40.751619,-73.98684,CTBUH Skyscraper Center #42497; OSM way/1202082407; Wikipedia list of tallest buildings in NYC,"CTBUH gives architectural 226.47 only (no roof value); OSM max part 239.26, OSM main-volume top 239.26; OSM outline way/1202082407; point = centroid of part way/1202082407 (h 239.26)",building,True
One Liberty Plaza,One Liberty Plaza,226.5,roof,54,completed,1972,40.709737,-74.010857,CTBUH Skyscraper Center #1161; OSM way/278039446; Wikipedia list of tallest buildings in NYC,"height = parapet/top of main volume (CTBUH architectural 226.47); CTBUH roof slab 226.47; OSM max part 226.0, OSM main-volume top 226.0; OSM outline way/278039446; point = centroid of part way/278039446 (h 226.0)",building,True
20 Exchange Place,20 Exchange Place,225.9,roof,57,completed,1931,40.705496,-74.009642,CTBUH Skyscraper Center #1169; OSM way/155429480; Wikipedia list of tallest buildings in NYC,"height = parapet/top of main volume (CTBUH architectural 225.86); CTBUH roof slab 225.86; OSM max part 226.0, OSM main-volume top 226.0; OSM outline way/155429480; point = centroid of part way/286064565 (h 226.0); aka 20 Exchange",building,True
200 Vesey Street,200 Vesey Street,225.2,roof,51,completed,1986,40.713568,-74.014884,CTBUH Skyscraper Center #1177; OSM way/277919047; Wikipedia list of tallest buildings in NYC,"height = parapet/top of main volume (CTBUH architectural 225.2); CTBUH roof slab 225.2; OSM max part 225.4, OSM main-volume top 225.4; OSM outline way/277919047; point = centroid of part way/213220425 (h 225.4)",building,True
55 Hudson Yards,55 Hudson Yards,224.3,roof,51,completed,2018,40.755238,-74.001811,CTBUH Skyscraper Center #14379; OSM way/376581092; Wikipedia list of tallest buildings in NYC,"CTBUH roof 224.26; arch 237.36; OSM max part 242.5, OSM main-volume top 230.0; OSM outline way/376581092; point = centroid of part way/1089418684 (h 230.0); aka 1 Hudson Boulevard",building,True
One Astor Plaza,One Astor Plaza,222.5,roof,54,completed,1972,40.757989,-73.986609,CTBUH Skyscraper Center #1152; OSM way/157835453; Wikipedia list of tallest buildings in NYC,"CTBUH roof 222.51; arch 227.08; OSM max part 227.0, OSM main-volume top 216.0; OSM outline way/157835453; point = centroid of part way/258646145 (h 216.0)",building,True
The Eugene,The Eugene,222.5,architectural,64,completed,2017,40.7523,-73.998951,CTBUH Skyscraper Center #16318; OSM way/636863924; Wikipedia list of tallest buildings in NYC,"CTBUH gives architectural 222.5 only (no roof value); OSM max part 214.0, OSM main-volume top 214.0; OSM outline way/636863924; point = centroid of part way/1239001276 (h 214.0); aka The Eugene",building,True
50 West Street,50 West Street,221.8,roof,64,completed,2018,40.707814,-74.015014,CTBUH Skyscraper Center #1306; OSM relation/20141436; Wikipedia list of tallest buildings in NYC,"CTBUH roof 221.77; arch 237.34; OSM max part 237.0, OSM main-volume top 237.0; OSM outline relation/20141436; point = centroid of part way/1471480901 (h 237.0)",building,True
Times Square Tower,Times Square Tower,221.3,architectural,47,completed,2004,40.755424,-73.986873,CTBUH Skyscraper Center #1226; OSM way/109285745; Wikipedia list of tallest buildings in NYC,"CTBUH gives architectural 221.29 only (no roof value); OSM max part 221.0, OSM main-volume top 221.0; OSM outline way/109285745; point = centroid of part way/260156298 (h 221.0); aka 7 Times Square",building,True
Metropolitan Tower,Metropolitan Tower,218.2,roof,68,completed,1985,40.764776,-73.979292,CTBUH Skyscraper Center #1282; OSM way/265148534; Wikipedia list of tallest buildings in NYC,"height = parapet/top of main volume (CTBUH architectural 218.24); CTBUH roof slab 218.24; OSM max part 218.0, OSM main-volume top 218.0; OSM outline way/265148534; point = centroid of part way/286067164 (h 218.0)",building,True
252 East 57th Street,252 East 57th Street,217.9,roof,65,completed,2016,40.759119,-73.965867,CTBUH Skyscraper Center #8783; OSM way/265430645; Wikipedia list of tallest buildings in NYC,"height = parapet/top of main volume (CTBUH architectural 217.93); CTBUH roof slab 217.93; OSM max part 218.0, OSM main-volume top 218.0; OSM outline way/265430645; point = centroid of part way/370530884 (h 218.0); aka Aalto57",building,True
Madison Square Park Tower,Madison Square Park Tower,216.9,roof,61,completed,2017,40.73997,-73.987382,CTBUH Skyscraper Center #16050; OSM way/264768930; Wikipedia list of tallest buildings in NYC,"CTBUH roof 216.88; arch 237.01; OSM max part 237.0, OSM main-volume top 237.0; OSM outline way/264768930; point = centroid of part way/1484821587 (h 237.0); aka 45 East 22nd Street",building,True
Selene,Selene,216.7,roof,61,completed,2018,40.758329,-73.971502,CTBUH Skyscraper Center #1310; OSM way/257389724; Wikipedia list of tallest buildings in NYC,"height = parapet/top of main volume (CTBUH architectural 216.71); CTBUH roof slab 214.63; OSM max part 217.0, OSM main-volume top 217.0; OSM outline way/257389724; point = centroid of part way/377445509 (h 217.0)",building,True
General Motors Building,General Motors Building,214.9,roof,50,completed,1968,40.763571,-73.972326,CTBUH Skyscraper Center #1351; OSM way/86216907; Wikipedia list of tallest buildings in NYC,"height = parapet/top of main volume (CTBUH architectural 214.89); CTBUH roof slab 214.89; OSM max part 215.0, OSM main-volume top 215.0; OSM outline way/86216907; point = centroid of part way/146117223 (h 215.0); aka GM Building",building,True
4 Times Square,4 Times Square,213.7,roof,48,completed,1999,40.755958,-73.985743,CTBUH Skyscraper Center #907; OSM way/86121620; Wikipedia list of tallest buildings in NYC,"CTBUH roof 213.67; arch 246.54; tip 340.69; OSM max part 341.0, OSM main-volume top 220.0; OSM outline way/86121620; point = centroid of part way/259051440 (h 220.0)",building,True
500 Fifth Avenue,500 Fifth Avenue,212.4,architectural,59,completed,1931,40.753959,-73.981121,CTBUH Skyscraper Center #1403; OSM way/266170853; Wikipedia list of tallest buildings in NYC,"CTBUH gives architectural 212.45 only (no roof value); OSM max part 216.0, OSM main-volume top 216.0; OSM outline way/266170853; point = centroid of part way/286078284 (h 216.0); aka Salmon Tower II",building,True
Americas Tower,Americas Tower,210.9,architectural,48,completed,1992,40.757304,-73.982577,CTBUH Skyscraper Center #1426; OSM way/266170534; Wikipedia list of tallest buildings in NYC,"CTBUH gives architectural 210.92 only (no roof value); OSM max part 211.0, OSM main-volume top 211.0; OSM outline way/266170534; point = centroid of part way/288283799 (h 130.0); aka 1177 Avenue of the Americas",building,True
ARO,ARO,210.0,roof,56,completed,2018,40.763592,-73.984071,CTBUH Skyscraper Center #16445; OSM way/266155256; Wikipedia list of tallest buildings in NYC,"CTBUH roof 210.01; arch 224.79; OSM max part 206.0, OSM main-volume top 206.0; OSM outline way/266155256; point = centroid of part way/635626478 (h 206.0); aka 239 West 52nd Street",building,True
Solow Building,Solow Building,210.0,roof,49,completed,1974,40.763836,-73.974953,CTBUH Skyscraper Center #1465; OSM way/86216906; Wikipedia list of tallest buildings in NYC,"height = parapet/top of main volume (CTBUH architectural 210.0); CTBUH roof slab 210.0; OSM max part 210.0, OSM main-volume top 210.0; OSM outline way/86216906; point = centroid of part way/217115961 (h 210.0); aka 9 West 57th Street",building,True
140 Broadway,140 Broadway,209.7,roof,52,completed,1967,40.708613,-74.01002,CTBUH Skyscraper Center #1476; OSM way/278042250; Wikipedia list of tallest buildings in NYC,"height = parapet/top of main volume (CTBUH architectural 209.71); CTBUH roof slab 209.71; OSM max part 210.0, OSM main-volume top 210.0; OSM outline way/278042250; point = centroid of part way/278042250 (h 210.0)",building,True
55 Water Street,55 Water Street,209.4,roof,53,completed,1972,40.703055,-74.009389,CTBUH Skyscraper Center #1480; OSM way/278203280; Wikipedia list of tallest buildings in NYC,"height = parapet/top of main volume (CTBUH architectural 209.4); CTBUH roof slab 209.4; OSM max part 209.0, OSM main-volume top 209.0; OSM outline way/278203280; point = centroid of part way/278053586 (h 209.0)",building,True
277 Park Avenue,277 Park Avenue,209.4,roof,50,completed,1963,40.755362,-73.974505,CTBUH Skyscraper Center #1481; OSM way/137860913; Wikipedia list of tallest buildings in NYC,"height = parapet/top of main volume (CTBUH architectural 209.4); CTBUH roof slab 209.4; OSM max part 209.0, OSM main-volume top 209.0; OSM outline way/137860913; point = centroid of part way/137860916 (h 209.0)",building,True
383 Madison Avenue,383 Madison Avenue,209.1,roof,47,completed,2001,40.755471,-73.976728,CTBUH Skyscraper Center #1109; OSM way/42500733; Wikipedia list of tallest buildings in NYC,"CTBUH roof 209.13; arch 230.97; OSM max part 230.0, OSM main-volume top 230.0; OSM outline way/42500733; point = centroid of part way/144919874 (h 230.0)",building,True
1585 Broadway,1585 Broadway,208.8,roof,42,completed,1989,40.76007,-73.985627,CTBUH Skyscraper Center #1498; OSM way/42496284; Wikipedia list of tallest buildings in NYC,"CTBUH roof 208.79; arch 208.79; OSM max part 219.0, OSM main-volume top 189.0; OSM outline way/42496284; point = centroid of part way/259899654 (h 189.0)",building,True
Random House Tower,Random House Tower,208.5,roof,52,completed,2003,40.7652,-73.982538,CTBUH Skyscraper Center #1500; OSM way/134658131; Wikipedia list of tallest buildings in NYC,"height = parapet/top of main volume (CTBUH architectural 208.49); CTBUH roof slab 208.49; OSM max part 208.0, OSM main-volume top 208.0; OSM outline way/134658131; point = centroid of part way/259926007 (h 208.0); aka The Imperial",building,True
Four Seasons Hotel New York,Four Seasons Hotel New York,207.9,architectural,52,completed,1993,40.762313,-73.971313,CTBUH Skyscraper Center #1517; OSM way/265345338; Wikipedia list of tallest buildings in NYC,"CTBUH gives architectural 207.88 only (no roof value); OSM max part 208.0, OSM main-volume top 208.0; OSM outline way/265345338; point = centroid of part way/289379730 (h 208.0)",building,True
425 Park Avenue,425 Park Avenue,206.9,roof,41,completed,2021,40.760443,-73.971043,CTBUH Skyscraper Center #14787; OSM way/266233433; Wikipedia list of tallest buildings in NYC,"CTBUH roof 206.91; arch 262.23; OSM max part 262.2, OSM main-volume top 219.0; OSM outline way/266233433; point = centroid of part way/1470399927 (h 219.0)",building,True
1221 Avenue of the Americas,1221 Avenue of the Americas,205.4,roof,51,completed,1972,40.759394,-73.98215,CTBUH Skyscraper Center #1568; OSM way/42496314; Wikipedia list of tallest buildings in NYC,"height = parapet/top of main volume (CTBUH architectural 205.44); CTBUH roof slab 205.44; OSM max part 205.0, OSM main-volume top 205.0; OSM outline way/42496314; point = centroid of part way/146109250 (h 205.0)",building,True
One Grand Central Place,One Grand Central Place,205.1,roof,53,completed,1930,40.752135,-73.978694,CTBUH Skyscraper Center #1576; OSM way/138022483; Wikipedia list of tallest buildings in NYC,"height = parapet/top of main volume (CTBUH architectural 205.13); CTBUH roof slab 205.13; OSM max part 205.0, OSM main-volume top 205.0; OSM outline way/138022483; point = centroid of part way/279738057 (h 205.0)",building,True
Barclay Tower,Barclay Tower,205.1,roof,56,completed,2007,40.71222,-74.009153,CTBUH Skyscraper Center #1574; OSM way/277904717; Wikipedia list of tallest buildings in NYC,"CTBUH roof 205.06; arch 205.06; OSM max part 205.0, OSM main-volume top 195.0; OSM outline way/277904717; point = centroid of part way/289386871 (h 195.0)",building,True
277 Fifth Avenue,277 Fifth Avenue,205.0,architectural,55,completed,2018,40.745599,-73.986222,CTBUH Skyscraper Center #20128; OSM way/265042508; Wikipedia list of tallest buildings in NYC,"CTBUH gives architectural 205.0 only (no roof value); OSM max part 201.0, OSM main-volume top 201.0; OSM outline way/265042508; point = centroid of part way/1196013444 (h 201.0); aka 281 5th Avenue",building,True
Paramount Plaza,Paramount Plaza,204.2,roof,48,completed,1970,40.762087,-73.984659,CTBUH Skyscraper Center #1587; OSM way/137874157; Wikipedia list of tallest buildings in NYC,"height = parapet/top of main volume (CTBUH architectural 204.22); CTBUH roof slab 204.22; OSM max part 202.8, OSM main-volume top 202.8; OSM outline way/137874157; point = centroid of part way/137874157 (h 202.8)",building,True
One Seaport,One Seaport,204.2,architectural,60,topped out (on hold),,40.705537,-74.00481,CTBUH Skyscraper Center #16256 (status on hold); OSM way/375340304; Wikipedia list (on-hold table),"161 Maiden Lane; CTBUH arch 204.2, OSM 204 (tagged construction=residential); construction halted after tower lean (Wikipedia/NY YIMBY); point = centroid of way/375340304 (h 204.0)",building,True
200 Amsterdam,200 Amsterdam,203.6,architectural,55,completed,2021,40.777021,-73.983346,CTBUH Skyscraper Center #26453; OSM way/269233879; Wikipedia list of tallest buildings in NYC,"CTBUH gives architectural 203.61 only (no roof value); OSM max part 204.0, OSM main-volume top 204.0; OSM outline way/269233879; point = centroid of part way/1473753220 (h 204.0)",building,True
45 Park Place,45 Park Place,203.3,architectural,43,topped out (on hold),,40.713768,-74.009863,CTBUH Skyscraper Center #17194 (status on hold); OSM way/277904734; Wikipedia list (on-hold table),"CTBUH arch 203.3, OSM 203; on hold; point = centroid of way/277904734 (h 203.0)",building,True
25 Park Row,25 Park Row,202.9,architectural,48,completed,2020,40.711309,-74.007404,CTBUH Skyscraper Center #26340; OSM way/278078945; Wikipedia list of tallest buildings in NYC,"CTBUH gives architectural 202.93 only (no roof value); tip 211.53; OSM max part 214.0, OSM main-volume top 214.0; OSM outline way/278078945; point = centroid of part way/278078945 (h 214.0); aka 23 Park Row",building,True
Trump Tower,Trump Tower,202.4,roof,58,completed,1982,40.762348,-73.973876,CTBUH Skyscraper Center #1611; OSM way/265345374; Wikipedia list of tallest buildings in NYC,"height = parapet/top of main volume (CTBUH architectural 202.39); CTBUH roof slab 202.39; OSM max part 202.0, OSM main-volume top 202.0; OSM outline way/265345374; point = centroid of part way/159831418 (h 202.0)",building,True
One Wall Street,One Wall Street,202.2,architectural,50,completed,2022,40.70736,-74.011651,CTBUH Skyscraper Center #33401; OSM relation/17894885; Wikipedia list of tallest buildings in NYC,"CTBUH gives architectural 202.23 only (no roof value); OSM max part 199.0, OSM main-volume top 199.0; OSM outline relation/17894885; point = centroid of part way/278843011 (h 199.0)",building,True
Met Life Tower,Met Life Tower,200.3,roof,50,completed,1909,40.741268,-73.987362,CTBUH Skyscraper Center #1383; OSM way/158404390; Wikipedia list of tallest buildings in NYC,"CTBUH roof 200.26; arch 213.36; OSM max part 213.4, OSM main-volume top 165.0; OSM outline way/158404390; point = centroid of part way/263480038 (h 165.0); aka The New York EDITION, New York Edition Hotel, Met Life Tower",building,True
Silver Towers East,Silver Towers East,199.2,roof,58,completed,2009,40.760728,-73.998852,CTBUH Skyscraper Center #1731; OSM relation/2438875; Wikipedia list of tallest buildings in NYC,"height = parapet/top of main volume (CTBUH architectural 199.17); CTBUH roof slab 199.17; OSM max part 205.0, OSM main-volume top 205.0; OSM outline relation/2438875; point = centroid of part way/183201645 (h 205.0); aka Silver Towers 1",building,True
Silver Towers West,Silver Towers West,199.2,roof,58,completed,2009,40.760707,-73.999515,CTBUH Skyscraper Center #1732; OSM relation/2438875; Wikipedia list of tallest buildings in NYC,"height = parapet/top of main volume (CTBUH architectural 199.17); CTBUH roof slab 199.17; OSM max part 205.0, OSM main-volume top 199.0; OSM outline relation/2438875; point = centroid of part way/286224735 (h 199.0); aka Silver Towers 2",building,True
599 Lexington Avenue,599 Lexington Avenue,199.0,roof,51,completed,1986,40.757841,-73.970693,CTBUH Skyscraper Center #1736; OSM way/137880206; Wikipedia list of tallest buildings in NYC,"height = parapet/top of main volume (CTBUH architectural 199.04); CTBUH roof slab 199.04; OSM max part 199.0, OSM main-volume top 199.0; OSM outline way/137880206; point = centroid of part way/137881577 (h 199.0)",building,True
712 Fifth Avenue,712 Fifth Avenue,198.1,roof,53,completed,1990,40.762263,-73.97506,CTBUH Skyscraper Center #1750; OSM way/137883073; Wikipedia list of tallest buildings in NYC,"height = parapet/top of main volume (CTBUH architectural 198.12); CTBUH roof slab 198.12; OSM max part 198.0, OSM main-volume top 198.0; OSM outline way/137883073; point = centroid of part way/260257909 (h 198.0)",building,True
Chanin Building,Chanin Building,197.8,roof,56,completed,1929,40.751215,-73.976625,CTBUH Skyscraper Center #1766; OSM way/265947366; Wikipedia list of tallest buildings in NYC,"CTBUH roof 197.8; arch 197.8; tip 207.3; OSM max part 205.0, OSM main-volume top 190.0; OSM outline way/265947366; point = centroid of part way/289989994 (h 190.0)",building,True
245 Park Avenue,245 Park Avenue,197.5,roof,47,completed,1967,40.754621,-73.974685,CTBUH Skyscraper Center #1778; OSM way/144932295; Wikipedia list of tallest buildings in NYC,"height = parapet/top of main volume (CTBUH architectural 197.51); CTBUH roof slab 197.51; OSM max part 198.0, OSM main-volume top 198.0; OSM outline way/144932295; point = centroid of part way/144932294 (h 198.0)",building,True
550 Madison Avenue,550 Madison Avenue,197.3,roof,37,completed,1983,40.761549,-73.973281,CTBUH Skyscraper Center #1783; OSM relation/21151099; Wikipedia list of tallest buildings in NYC,"height = parapet/top of main volume (CTBUH architectural 197.32); CTBUH roof slab 197.32; OSM max part 197.0, OSM main-volume top 197.0; OSM outline relation/21151099; point = centroid of part way/260244593 (h 197.0)",building,True
225 Liberty Street,225 Liberty Street,196.6,roof,44,completed,1986,40.712509,-74.015414,CTBUH Skyscraper Center #1804; OSM way/75309461; Wikipedia list of tallest buildings in NYC,"height = parapet/top of main volume (CTBUH architectural 196.6); CTBUH roof slab 196.6; OSM max part 197.0, OSM main-volume top 197.0; OSM outline way/75309461; point = centroid of part way/241031293 (h 197.0)",building,True
570 Lexington Avenue,570 Lexington Avenue,196.0,architectural,50,completed,1931,40.757099,-73.972459,CTBUH Skyscraper Center #1828; OSM way/137885993; Wikipedia list of tallest buildings in NYC,"CTBUH gives architectural 196.0 only (no roof value); OSM max part 195.0, OSM main-volume top 195.0; OSM outline way/137885993; point = centroid of part way/137889011 (h 195.0)",building,True
450 Eleventh Avenue,450 Eleventh Avenue,195.8,architectural,51,topped out,2026,40.757359,-74.000415,CTBUH Skyscraper Center #33634; OSM way/1021569486; Wikipedia list of tallest buildings in NYC,"CTBUH gives architectural 195.76 only (no roof value); OSM max part 195.7, OSM main-volume top 195.7; OSM outline way/1021569486; point = centroid of part way/1021569486 (h 195.7)",building,True
One New York Plaza,One New York Plaza,195.1,roof,50,completed,1969,40.702195,-74.012041,CTBUH Skyscraper Center #1840; OSM way/157001066; Wikipedia list of tallest buildings in NYC,"height = parapet/top of main volume (CTBUH architectural 195.07); CTBUH roof slab 195.07; OSM max part 199.0, OSM main-volume top 195.0; OSM outline way/157001066; point = centroid of part way/155428438 (h 195.0)",building,True
MiMA,MiMA,194.6,roof,63,completed,2011,40.758931,-73.994771,CTBUH Skyscraper Center #2029; OSM way/243088863; Wikipedia list of tallest buildings in NYC,"height = parapet/top of main volume (CTBUH architectural 194.55); CTBUH roof slab 186.7; OSM max part 194.6, OSM main-volume top 194.6; OSM outline way/243088863; point = centroid of part way/243088867 (h 194.6)",building,True
One Dag Hammarskjold Plaza,One Dag Hammarskjold Plaza,194.2,roof,48,completed,1972,40.753477,-73.970052,CTBUH Skyscraper Center #1863; OSM way/150389899; Wikipedia list of tallest buildings in NYC,"CTBUH roof 194.2; arch 194.2; OSM max part 191.0, OSM main-volume top 191.0; OSM outline way/150389899; point = centroid of part way/150389905 (h 191.0)",building,True
3Eleven,3Eleven,194.2,architectural,59,completed,2022,40.753071,-74.004331,CTBUH Skyscraper Center #31568; OSM way/1021760866; Wikipedia list of tallest buildings in NYC,"CTBUH gives architectural 194.15 only (no roof value); OSM max part 194.0, OSM main-volume top 194.0; OSM outline way/1021760866; point = centroid of part way/1473224350 (h 194.0); aka Block 675 Tower A",building,True
345 Park Avenue,345 Park Avenue,193.2,roof,44,completed,1969,40.757719,-73.972346,CTBUH Skyscraper Center #1876; OSM way/137891657; Wikipedia list of tallest buildings in NYC,"height = parapet/top of main volume (CTBUH architectural 193.25); CTBUH roof slab 193.25; OSM max part 192.1, OSM main-volume top 192.1; OSM outline way/137891657; point = centroid of part way/137891658 (h 192.1)",building,True
Mercantile Building,Mercantile Building,192.6,roof,48,completed,1929,40.751525,-73.981221,CTBUH Skyscraper Center #1892; OSM way/265424438; Wikipedia list of tallest buildings in NYC,"CTBUH roof 192.6; arch 192.6; OSM max part 189.0, OSM main-volume top 189.0; OSM outline way/265424438; point = centroid of part way/286248798 (h 189.0)",building,True
Langham Place,Langham Place,192.6,roof,59,completed,2010,40.750117,-73.983803,CTBUH Skyscraper Center #1891; OSM way/86337142; Wikipedia list of tallest buildings in NYC,"height = parapet/top of main volume (CTBUH architectural 192.58); CTBUH roof slab 192.58; OSM max part 193.0, OSM main-volume top 193.0; OSM outline way/86337142; point = centroid of part way/162979253 (h 193.0); aka The Setai Fifth Avenue, 400 5th Avenue",building,True
W Downtown,W Downtown,192.1,roof,57,completed,2010,40.709184,-74.013669,CTBUH Skyscraper Center #1898; OSM way/278033597; Wikipedia list of tallest buildings in NYC,"height = parapet/top of main volume (CTBUH architectural 192.11); CTBUH roof slab 192.11; OSM max part 192.0, OSM main-volume top 192.0; OSM outline way/278033597; point = centroid of part way/369958330 (h 192.0); aka 4 Albany Street",building,True
Grace Building,Grace Building,192.0,roof,50,completed,1972,40.754691,-73.982675,CTBUH Skyscraper Center #1919; OSM way/266170792; Wikipedia list of tallest buildings in NYC,"height = parapet/top of main volume (CTBUH architectural 192.03); CTBUH roof slab 192.03; OSM max part 192.0, OSM main-volume top 192.0; OSM outline way/266170792; point = centroid of part way/263548254 (h 192.0); aka W. R. Grace Building",building,True
Home Insurance Plaza,Home Insurance Plaza,192.0,roof,44,completed,1966,40.708651,-74.008023,CTBUH Skyscraper Center #1932; OSM way/278039452; Wikipedia list of tallest buildings in NYC,"height = parapet/top of main volume (CTBUH architectural 192.03); CTBUH roof slab 192.03; OSM max part 192.0, OSM main-volume top 192.0; OSM outline way/278039452; point = centroid of part way/157373071 (h 184.0)",building,True
Salesforce Tower,Salesforce Tower,192.0,roof,41,completed,1973,40.754684,-73.984857,Wikipedia 1095 Avenue of the Americas; OSM way/86216914,"aka 1095 Avenue of the Americas; Wikipedia roof 630 ft = 192.0 m; OSM 192 (part way/137892996); reclad 2008 (est. from memory, unverified); point = centroid of way/137892996 (h 192.0)",building,True
101 Park Avenue,101 Park Avenue,191.7,roof,49,completed,1982,40.750924,-73.977768,CTBUH Skyscraper Center #1937; OSM way/161849936; Wikipedia list of tallest buildings in NYC,"height = parapet/top of main volume (CTBUH architectural 191.72); CTBUH roof slab 190.5; OSM max part 192.2, OSM main-volume top 192.2; OSM outline way/161849936; point = centroid of part way/161849935 (h 192.2)",building,True
Central Park Place,Central Park Place,191.4,roof,56,completed,1988,40.767126,-73.98307,CTBUH Skyscraper Center #1943; OSM way/265152144; Wikipedia list of tallest buildings in NYC,"height = parapet/top of main volume (CTBUH architectural 191.42); CTBUH roof slab 191.42; OSM max part 191.0, OSM main-volume top 191.0; OSM outline way/265152144; point = centroid of part way/262375170 (h 191.0)",building,True
888 Seventh Avenue,888 Seventh Avenue,191.4,roof,45,completed,1971,40.765372,-73.980858,CTBUH Skyscraper Center #1945; OSM way/259882502; Wikipedia list of tallest buildings in NYC,"height = parapet/top of main volume (CTBUH architectural 191.42); CTBUH roof slab 191.42; OSM max part 191.5, OSM main-volume top 191.5; OSM outline way/259882502; point = centroid of part way/158546218 (h 191.5)",building,True
1345 Avenue of the Americas,1345 Avenue of the Americas,190.5,roof,50,completed,1969,40.763,-73.979054,CTBUH Skyscraper Center #1961; OSM way/265150596; Wikipedia list of tallest buildings in NYC,"height = parapet/top of main volume (CTBUH architectural 190.5); CTBUH roof slab 190.5; OSM max part 191.0, OSM main-volume top 191.0; OSM outline way/265150596; point = centroid of part way/265150596 (h 191.0); aka Alliance Bernstein Building",building,True
Waldorf Astoria,Waldorf Astoria,190.5,roof,47,completed,1931,40.756612,-73.973301,CTBUH Skyscraper Center #1964; OSM way/85393997; Wikipedia list of tallest buildings in NYC,"height = parapet/top of main volume (CTBUH architectural 190.5); CTBUH roof slab 190.5; OSM max part 190.5, OSM main-volume top 190.5; OSM outline way/85393997; point = centroid of part way/261549226 (h 163.0); aka The Towers at 301 Park Avenue",building,True
Trump Palace,Trump Palace,189.9,architectural,54,completed,1991,40.767432,-73.961791,CTBUH Skyscraper Center #2260; OSM way/266878037; Wikipedia list of tallest buildings in NYC,"CTBUH gives architectural 189.89 only (no roof value); OSM max part 190.0, OSM main-volume top 190.0; OSM outline way/266878037; point = centroid of part way/292882464 (h 190.0)",building,True
The Beekman,The Beekman,189.4,roof,47,completed,2017,40.711012,-74.007168,CTBUH Skyscraper Center #16706; OSM way/292727038; Wikipedia list of tallest buildings in NYC,"CTBUH roof 189.36; arch 209.4; OSM max part 209.4, OSM main-volume top 209.4; OSM outline way/292727038; point = centroid of part way/292727038 (h 209.4); aka 5 Beekman Street",building,True
One Madison,One Madison,189.3,roof,50,completed,2010,40.740636,-73.988107,CTBUH Skyscraper Center #2026; OSM way/264768910; Wikipedia list of tallest buildings in NYC,"height = parapet/top of main volume (CTBUH architectural 189.28); CTBUH roof slab 183.85; tip 195.72; OSM max part 188.0, OSM main-volume top 188.0; OSM outline way/264768910; point = centroid of part way/160967738 (h 188.0); aka The Saya",building,True
Olympic Tower,Olympic Tower,189.0,roof,51,completed,1976,40.759157,-73.976185,CTBUH Skyscraper Center #2010; OSM way/266010393; Wikipedia list of tallest buildings in NYC,"height = parapet/top of main volume (CTBUH architectural 189.0); CTBUH roof slab 189.0; OSM max part 190.0, OSM main-volume top 190.0; OSM outline way/266010393; point = centroid of part way/145341292 (h 190.0)",building,True
Rose Hill,Rose Hill,189.0,architectural,45,completed,2021,40.744169,-73.984712,CTBUH Skyscraper Center #36021; OSM way/265040075; Wikipedia list of tallest buildings in NYC,"CTBUH gives architectural 189.0 only (no roof value); OSM max part 195.0, OSM main-volume top 195.0; OSM outline way/265040075; point = centroid of part way/1473757620 (h 195.0); aka 30 East 29th Street",building,True
Sky,Sky,188.4,roof,61,completed,2015,40.761473,-73.998616,CTBUH Skyscraper Center #2024; OSM way/261499931; Wikipedia list of tallest buildings in NYC,"CTBUH roof 188.4; arch 206.0; OSM max part 206.0, OSM main-volume top 206.0; OSM outline way/261499931; point = centroid of part way/320480526 (h 206.0); aka 605 West 42nd Street",building,True
425 Fifth Avenue,425 Fifth Avenue,188.3,roof,55,completed,2003,40.750995,-73.982281,CTBUH Skyscraper Center #2025; OSM way/265424423; Wikipedia list of tallest buildings in NYC,"height = parapet/top of main volume (CTBUH architectural 188.34); CTBUH roof slab 188.34; OSM max part 188.0, OSM main-volume top 188.0; OSM outline way/265424423; point = centroid of part way/286260799 (h 188.0); aka The Envoy",building,True
919 Third Avenue,919 Third Avenue,187.6,roof,47,completed,1970,40.758938,-73.967488,CTBUH Skyscraper Center #2055; OSM way/265460323; Wikipedia list of tallest buildings in NYC,"height = parapet/top of main volume (CTBUH architectural 187.55); CTBUH roof slab 187.55; OSM max part 187.0, OSM main-volume top 187.0; OSM outline way/265460323; point = centroid of part way/279728303 (h 187.0)",building,True
New York Life Building,New York Life Building,187.5,architectural,33,completed,1928,40.742744,-73.985595,CTBUH Skyscraper Center #2060; OSM way/109280421; Wikipedia list of tallest buildings in NYC,"CTBUH gives architectural 187.5 only (no roof value); OSM max part 187.5, OSM main-volume top 187.5; OSM outline way/109280421; point = centroid of part way/158856531 (h 187.5)",building,True
The Epic,The Epic,187.4,roof,61,completed,2007,40.748765,-73.990147,CTBUH Skyscraper Center #2050; OSM way/264685194; Wikipedia list of tallest buildings in NYC,"height = parapet/top of main volume (CTBUH architectural 187.41); CTBUH roof slab 187.41; OSM max part 187.5, OSM main-volume top 187.5; OSM outline way/264685194; point = centroid of part way/283466370 (h 187.5)",building,True
Tower 49,Tower 49,187.4,roof,44,completed,1985,40.757243,-73.977005,CTBUH Skyscraper Center #2069; OSM way/266010399; Wikipedia list of tallest buildings in NYC,"height = parapet/top of main volume (CTBUH architectural 187.4); CTBUH roof slab 187.4; OSM max part 187.0, OSM main-volume top 187.0; OSM outline way/266010399; point = centroid of part way/266010399 (h 187.0)",building,True
835 Sixth Avenue,835 Sixth Avenue,187.2,roof,53,completed,2010,40.747095,-73.99006,CTBUH Skyscraper Center #2066; OSM way/236107988; Wikipedia list of tallest buildings in NYC,"height = parapet/top of main volume (CTBUH architectural 187.15); CTBUH roof slab 187.15; OSM max part 190.0, OSM main-volume top 187.0; OSM outline way/236107988; point = centroid of part way/279700427 (h 180.0); aka Eventi Hotel, The Beatrice Residences, Kimpton Hotel Eventi,",building,True
555Ten,555Ten,186.5,architectural,52,completed,2016,40.75876,-73.996501,CTBUH Skyscraper Center #15808; OSM way/281273726; Wikipedia list of tallest buildings in NYC,"CTBUH gives architectural 186.54 only (no roof value); OSM max part 186.0, OSM main-volume top 186.0; OSM outline way/281273726; point = centroid of part way/281273726 (h 186.0); aka 555 10th Avenue",building,True
Baccarat Hotel,Baccarat Hotel,185.9,roof,46,completed,2015,40.760799,-73.977373,CTBUH Skyscraper Center #14312; OSM way/162755457; Wikipedia list of tallest buildings in NYC,"height = parapet/top of main volume (CTBUH architectural 185.93); CTBUH roof slab 178.1; OSM max part 185.0, OSM main-volume top 185.0; OSM outline way/162755457; point = centroid of part way/263349149 (h 185.0)",building,True
1301 Avenue of the Americas,1301 Avenue of the Americas,185.6,roof,46,completed,1964,40.761728,-73.979919,CTBUH Skyscraper Center #2115; OSM way/146028962; Wikipedia list of tallest buildings in NYC,"height = parapet/top of main volume (CTBUH architectural 185.63); CTBUH roof slab 185.63; OSM max part 186.0, OSM main-volume top 186.0; OSM outline way/146028962; point = centroid of part way/146028975 (h 186.0)",building,True
The Orion,The Orion,184.1,roof,60,completed,2006,40.757926,-73.992224,CTBUH Skyscraper Center #2167; OSM way/158854338; Wikipedia list of tallest buildings in NYC,"height = parapet/top of main volume (CTBUH architectural 184.1); CTBUH roof slab 181.66; OSM max part 192.1, OSM main-volume top 192.1; OSM outline way/158854338; point = centroid of part way/158854337 (h 192.1)",building,True
590 Madison Avenue,590 Madison Avenue,183.8,roof,41,completed,1983,40.762156,-73.972921,CTBUH Skyscraper Center #2181; OSM way/265345393; Wikipedia list of tallest buildings in NYC,"height = parapet/top of main volume (CTBUH architectural 183.8); CTBUH roof slab 183.8; OSM max part 184.0, OSM main-volume top 184.0; OSM outline way/265345393; point = centroid of part way/148457073 (h 184.0)",building,True
250 West 55th Street,250 West 55th Street,183.4,roof,40,completed,2013,40.764857,-73.983433,CTBUH Skyscraper Center #8767; OSM way/259888103; Wikipedia list of tallest buildings in NYC,"height = parapet/top of main volume (CTBUH architectural 183.43); CTBUH roof slab 179.66; tip 184.5; OSM max part 183.0, OSM main-volume top 183.0; OSM outline way/259888103; point = centroid of part way/259888100 (h 183.0)",building,True
Eleven Times Square,Eleven Times Square,183.1,roof,40,completed,2011,40.75654,-73.989524,CTBUH Skyscraper Center #2192; OSM way/266143341; Wikipedia list of tallest buildings in NYC,"height = parapet/top of main volume (CTBUH architectural 183.1); CTBUH roof slab 183.1; OSM max part 183.0, OSM main-volume top 183.0; OSM outline way/266143341; point = centroid of part way/292997072 (h 183.0); aka Times Square Plaza",building,True
1166 Avenue of the Americas,1166 Avenue of the Americas,182.9,roof,44,completed,1974,40.756878,-73.982004,CTBUH Skyscraper Center #2214; OSM way/266170852; Wikipedia list of tallest buildings in NYC,"CTBUH roof 182.91; arch 182.91; OSM max part 180.0, OSM main-volume top 175.0; OSM outline way/266170852; point = centroid of part way/762083214 (h 175.0)",building,True
Hawthorn Park,Hawthorn Park,182.2,architectural,54,completed,2014,40.771962,-73.986071,CTBUH Skyscraper Center #2005; OSM way/293868197; Wikipedia list of tallest buildings in NYC,"CTBUH gives architectural 182.25 only (no roof value); OSM max part 182.0, OSM main-volume top 182.0; OSM outline way/293868197; point = centroid of part way/293868197 (h 182.0)",building,True
Hearst Tower,Hearst Tower,182.0,roof,46,completed,2006,40.766573,-73.983643,CTBUH Skyscraper Center #2245; OSM way/265151748; Wikipedia list of tallest buildings in NYC,"height = parapet/top of main volume (CTBUH architectural 181.97); CTBUH roof slab 181.97; OSM max part 182.0, OSM main-volume top 182.0; OSM outline way/265151748; point = centroid of part way/147448071 (h 182.0); aka Hearst Magazine Tower",building,True
Three Lincoln Center,Three Lincoln Center,181.4,roof,60,completed,1993,40.774448,-73.984291,CTBUH Skyscraper Center #2257; OSM way/269223981; Wikipedia list of tallest buildings in NYC,"height = parapet/top of main volume (CTBUH architectural 181.36); CTBUH roof slab 181.36; OSM max part 181.0, OSM main-volume top 181.0; OSM outline way/269223981; point = centroid of part way/292738768 (h 181.0); aka Three Lincoln Center Condominiums",building,True
1211 Avenue of the Americas,1211 Avenue of the Americas,180.4,roof,45,completed,1973,40.75865,-73.98234,CTBUH Skyscraper Center #2279; OSM way/163465869; Wikipedia list of tallest buildings in NYC,"height = parapet/top of main volume (CTBUH architectural 180.44); CTBUH roof slab 180.44; OSM max part 181.8, OSM main-volume top 181.8; OSM outline way/163465869; point = centroid of part way/146109259 (h 181.8)",building,True
1540 Broadway,1540 Broadway,176.1,roof,42,completed,1990,40.757992,-73.984781,CTBUH Skyscraper Center #1209; OSM way/137716320; Wikipedia list of tallest buildings in NYC,"CTBUH roof 176.12; arch 223.32; OSM max part 223.0, OSM main-volume top 188.0; OSM outline way/137716320; point = centroid of part way/259064344 (h 155.0)",building,True
UN Secretariat Building,UN Secretariat Building,155.3,roof,39,completed,1952,40.748927,-73.968098,"Wikipedia Headquarters of the United Nations (155.3 m, NYT 1952); OSM way/137989966, part way/261256941 (h156.3)","slab 88 x 22 m (est.) glass curtain walls E/W, marble end walls N/S. Point = outline centroid (inside part way/261256941)",building,True
750 Seventh Avenue,750 Seventh Avenue,151.8,roof,35,completed,1989,40.760887,-73.983859,CTBUH Skyscraper Center #2059; OSM way/266151941; Wikipedia list of tallest buildings in NYC,"CTBUH roof 151.79; arch 187.45; OSM max part 187.4, OSM main-volume top 160.0; OSM outline way/266151941; point = centroid of part way/261526458 (h 160.0)",building,True
Flatiron Building,Flatiron Building,86.9,roof,22,completed,1902,40.741002,-73.989653,"Wikipedia Flatiron Building; OSM way/264768896 (h86), part way/764237515 (h88)",MUST-HAVE. roof/cornice 285 ft = 86.9 m (original height); arch 307 ft = 93.6 m after the 1905 setback penthouse; triangular plan at Fifth Ave/Broadway/23rd St. Point = centroid of outline way/264768896,building,True
Trinity Church,Trinity Church,85.6,tip,,completed,1846,40.708024,-74.012227,Wikipedia Trinity Church (Manhattan); OSM way/278039453,spire and cross 281 ft = 85.6 m (Wikipedia); OSM parts only to 55 m (spire not modelled); nave much lower. Point = outline centroid,building,False
Grand Central Terminal,Grand Central Terminal,45.8,roof,,completed,1913,40.75265,-73.977278,OSM way/265947358 (h45.8; also relation/11171793); Wikipedia Grand Central Terminal,height from OSM tag only (unverified); main concourse ceiling 84 ft (25.6 m) inside; 42nd St facade sculpture group. Point = outline centroid,building,False
Madison Square Garden,Madison Square Garden,45.0,roof,,completed,1968,40.750529,-73.993492,"OSM way/138141251, part way/138141255 (h45, flat); Wikipedia Madison Square Garden",circular arena drum; height from OSM part tag only (unverified). Point = outline centroid,building,False
St Patrick's Cathedral,St Patrick's Cathedral,42.0,roof,,completed,1878,40.758574,-73.976318,OSM way/266010379 (h42); Wikipedia St. Patrick's Cathedral,nave roof ridge 42 m from OSM tag (unverified); twin spires 329 ft 6 in = 100.4 m (Wikipedia). Point = outline centroid,building,False
New York Public Library,New York Public Library,35.0,roof,,completed,1911,40.753215,-73.982236,"OSM way/265302076, parts way/292055458 & way/292055457 (h35, hipped/gabled); Wikipedia NYPL Main Branch",Stephen A. Schwarzman Building; heights from OSM building:part tags only (unverified). Point = outline centroid,building,False
Brooklyn Bridge Manhattan Tower,Brooklyn Bridge Manhattan Tower,84.8,tip,,completed,1883,40.707269,-73.998334,Wikipedia Brooklyn Bridge; OSM way 1255363983,"tower top 278.25 ft = 84.81 m above MHW; OSM height 82.9; footprint 43x18 m at high water (OSM rect 42.8x16.6); 2 gothic arches 36 m tall x 10.29 m wide, arch floor 36.35 m above mean water; span 486.3 m; bridge axis bearing ~316 deg (Brooklyn->Manhattan)",structure,False
Brooklyn Bridge Brooklyn Tower,Brooklyn Bridge Brooklyn Tower,84.8,tip,,completed,1883,40.704104,-73.994354,Wikipedia Brooklyn Bridge; OSM way 317352708,"as Manhattan tower; OSM rect 42.8x16.7 m; OSM height 82.9",structure,False
Manhattan Bridge Manhattan Tower,Manhattan Bridge Manhattan Tower,106.7,tip,,completed,1909,40.708812,-73.991488,Wikipedia Manhattan Bridge; OSM way 1255353996,"cable tops 330 ft = 100.6 m above MHW; finials 350 ft = 106.7 m; OSM height 102 (colour tag #8eb4d2); OSM footprint rect 36.3x7.7 m; main span 1470 ft = 448 m (infobox says 1480 ft/451 m); bridge axis bearing ~337 deg",structure,False
Manhattan Bridge Brooklyn Tower,Manhattan Bridge Brooklyn Tower,106.7,tip,,completed,1909,40.705115,-73.989436,Wikipedia Manhattan Bridge; OSM way 317352033,"as Manhattan tower; OSM height 102",structure,False
Statue of Liberty,Statue of Liberty,93.0,tip,,completed,1886,40.689253,-74.044530,NPS Statue Statistics; Wikipedia; OSM ways 433053921 (statue 46.9-93 m) 32965412 (Fort Wood star 0-10 m) 229651145 (pedestal 23-46.9 m),"ground to torch 305 ft 1 in = 92.99 m; ground to top of pedestal 154 ft = 46.94 m; statue base-to-torch 46.05 m; heel to top of head 33.86 m",structure,False
Winter Garden,Winter Garden Atrium (Brookfield Place),36.6,roof,,completed,1988,40.71317,-74.01585,Wikipedia (Brookfield Place): 120 ft glass vault; NYC footprint BIN 1087217 carries 197 m (a neighbouring tower's),added after the M2 critique: the official footprint joins the atrium and the tower's height,building,True
