name,facade,tint,module,variant,profile,whole,take,roof,notes
Tour Eiffel,lattice,#7a6a58,4.0,0.3,,,,,"STRUCTURE, not a building: no building of this name exists (OSM's ten stacked prisms are excluded), so 06_tiles will print 'no building named Tour Eiffel'; the row documents the look for the [[structures]] figure. Wrought-iron lattice, 'Eiffel brown': sunlit ironwork median #9b8060/#94826b, shaded members #41362e, belt girders #50453a (sampled); tint is the sun/shade mean. Legs on a 129.2 m square, decks 57.6/115.7/276.1 m, tip 330 m. Night: gold, lit lattice mean #9d6c26, bright30 #f4cc48 (sampled); hourly sparkle"
The Link (tour Arche),glass,#9aa6ad,1.5,,slot@9:24,,,,"Arche tower 242 m, 52 floors (Chiambaretta; Redman/Vinci; opened 2025), double-skin façade with photovoltaic panels, concrete structure; the buildings table gives 235.6 m (landmark@slab: height above the dalle). BD TOPO footprint 1,728 m2 (65 x 52 m). Blue-sky sample #59779a, sky-lit face #577ba5, low warm sun #796e63 (the Oct 2025 photo reads gold, not a glass colour); tint between. The 35 'link' platforms are not modelled M4 fix: light silver #9aa6ad (the photos' blue is sky); slot@9:24 splits the footprint into the two towers with a bridge every 24 m."
Tour First,glass,#5d7691,1.5,,crown@225:0:1 1:0.8:#7a93aa,,,,"231 m (roof 225, last floor 203), 55 floors. 1974 Dufau tower on a three-lobed Y plan, rebuilt 2007-11 by KPF/SRA: +50 m, wider floors, double-skin ventilated glazing, tapering crystalline crown. Sunlit sample mean #7a93aa / median #537ca5, overcast mean #b0babf (sky glare): tint blue-grey. Made of OSM parts (231/190/173/170 m skillion roofs), so a profile would be ignored: the parts give the massing; check that no part exceeds 231 m (OSM has 259 m). Lit in colours that forecast the weather"
Tour Hekla,bands,#5f6d84,1.5,0.35,,,,,"220 m, 48-49 floors (Jean Nouvel; opened Dec 2022), 8,000 m2 site, floors 1,700 m2, terraces or loggias on every floor (2,518 m2), a faceted and inclined prismatic glass-and-metal skin, hanging garden on top. Only overcast samples (Jan 2023 from the Arc: mean #838c99, median #6d7b91); tint is a dark blue-grey (est.); variant 0.35 = mid-tone spandrel bands standing for the loggia slabs. Faceting and lean are not modelled (single OSM outline, 2,269 m2, 48 x 81 m)"
Tour Montparnasse,glass,#454a4a,1.35,,,,,,"dark bronze-brown smoked glass with dark piers; 7,200 windows on 40,000 m2 of facade over 59 floors (derived module about 1.35 m; floor-to-floor 3.55 m from 209 m / 59); sampled hazy morning mean #4e5353, median #4a4f4e, bright30 #747771 (hazy); real colour is warmer and darker in sun (est.). Almond plan 50 x 32 m with triangular notches (Wikipedia FR); the OSM outline is 62 x 39 m (includes the notches); 210 m includes the 2.9 m glass screen. The dark facade is the pre-renovation state (bioclimatic double-skin facade planned 2026+, height 220 m)"
Tour Majunga,glass,#5c6c74,1.5,,,,,,"194 m, 45 floors (Jean-Paul Viguier; 2014): three joined planes, one with a wave-like bevel, stepped garden loggias on every floor. Dusk sample #4c5155, day close-ups #747e7f / median #66777e (glass reflecting sky). Notch and stepped loggias not modelled (outline 867 m2)"
Tour TotalEnergies (Coupole),glass,#667389,1.5,,,,,,"187 m (roof 179), 1985 (WZMH with Roger Saubot), dark blue-grey mirror glass under a domed hood. Sampled from the Jan 2023 skyline photo by bearing (median #6f7f92, dark30 #5d6a7e; overcast). Made of OSM relation parts (187/171/114/53 m): massing from the parts"
Tour T1 (Engie),glass,#58657a,1.5,,crown@169:0:1 1:0.7:#6b7a8e,,,,"185 m incl. crown (roof about 169), 2008: elliptic plan, curved glass hood on top. Sampled median #5f6a7c from the Jan 2023 skyline photo by bearing (overcast). The crown (16 m) is not a separate part: not modelled"
Tour Granite,glass,#8a97a2,1.5,,,,,,"184 m (183 in some lists), 2008, Christian de Portzamparc, first NF HQE tertiary tower at La Défense; silvery-white glass. (est.: palest of the Société Générale group in photos, none sampled). OSM way w19451629 skillion roof, 1,608 m2"
Tour Areva (Framatome),bands,#2b3038,3.0,0.05,h@184=178,,,,"184 m (178 by another list), 1974, SOM with Saubot and Jullien: monolithic 54.56 x 42.64 m black-granite prism, tinted windows that widen towards the top, inspired by the '2001' monolith. Sampled #1d2127 (shaded, blue sky) and #525353 (hazy sunlit): tint #2b3038 for glass and granite alike; variant 0.05 = dark spandrels. The window widening with height is not modelled"
Tour Triangle,bands,#5b8ba5,1.5,0.7,long:0:1:1 1:0.1:0.6,,,,"178 m roof (180 with spire), 42-44 floors, Herzog and de Meuron, topped out May 2026: a glass pyramid on a trapezoid base 162 x 54 m (footprint 5,562 m2, table 5,632 m2), about 16 m wide at the top; ventilated bioclimatic glass, photovoltaic recesses on the south face. Sampled sunlit #6aa6be (blue sky), backlit #39414b (overcast): tint between. Profile: a straight taper to 0.2 of the plan (top width est. 11-16 m); the real taper is asymmetric (the apex ridge sits over one edge), the engine scales about the centroid. OSM has building=construction: needs an override"
Tour Duo 1,fins,#56616e,1.5,0.3,wing@83:w1130750788;long:0:1:1 0.68:1:1 1:1.1:1,,,,"180 m, 38 floors (Jean Nouvel; 2021): seven of eight faces lean up to 5 degrees, double-skin façade of reflective scale-like panels with cantilevered glass fins; dark blue-grey (sampled mean #46505d / median #485768 in a grey day; est. lighter). Lean not modelled. Which OSM footprint is Duo 1 is unverified (2,781 m2 way w1130750788 in the table vs the 1,894 m2 one) M4 fix: a flare over the top 32 % (long profile to 1.1) stands in for the lean."
Tour CB21,glass,#5b6f78,1.5,,,,,,"179 m (roof 180, 187 with antennas), 1972-74 Harrison and Abramovitz (ex Tour Gan), Greek-cross plan, refitted 2009-10 with new glazing. Tint est. from the skyline photo (#607078 by bearing, identity not certain)"
The Link (tour Seine),glass,#94a0a8,1.5,,,,,,"Seine tower 178 m (about 171 m over the dalle), darker face of the pair: dark30 #11305a / mean #59779a under blue sky. Twin of Arche; footprint 1,719 m2"
Tour Saint-Gobain,glass,#6f7b84,1.5,,,,,,"178 m (about 170 over the dalle), 44 floors, Valode and Pistre, 2019; pale blue-grey glass with white glazing on the upper floors (sampled #68737c mid-shaft in overcast, #d5d5d3 top box)"
Tour D2,lattice,#3d4c5c,6.0,0.05,,,,,"171 m (175 in OSM), 37 floors, Anthony Béchu with Tom Sheehan, 2014-15: asymmetric 'avocado' plan (elongated Paris face, curved back), steel diagrid exoskeleton over dark glass. Glass sampled mean #414c57 / median #2e3a4a (blue sky); lattice module est. 6 m; variant 0.05 = almost all glass cells. Footprint 624 m2 (38 x 24 m)"
Tour Chassagne,glass,#7d8f9d,1.5,,,,,,"167 m; Société Générale tower next to Alicante and Granite: silver-blue glass (est., no photo sampled)"
Tour Alicante,glass,#7d8f9d,1.5,,,,,,"167 m; twin of Chassagne: silver-blue glass (est., no photo sampled)"
Tour Hopen (ex-Adria),glass,#6f8391,1.5,,,,,,"167 m after the 2024-25 restructuring (about 160 over the dalle), 1970s tower re-clad in glass (est.; no photo sampled, generation palette)"
Tour Trinity,bands,#6c7f96,1.5,0.6,,,,,"167 m with spire (roof 151), 33 floors, Cro&Co (Jean-Luc Crochon), 2020: decentred core, terraces and loggias, light horizontal bands over blue-grey glass. Sampled mean #768699 / median #627a99 (frame, blue sky; the cladding was unfinished); variant 0.6 = pale spandrel bands. Footprint 2,150 m2 (37 x 87 m)"
Tour Carpe Diem,glass,#46606a,1.5,,,,,,"166 m (roof 154 from the platform), 34 floors + 5 terraces, Robert A. M. Stern with SRA, 2013, first LEED Platinum tower in France; blue-green mirror glass. Sampled mean #455c62 / median #3d5f62 (Mar 2012, part-glazed): tint lightened slightly. Stepped terraces not modelled"
Tour Légende,glass,#7d8c98,1.5,,,,,,"165 m (est.; no photo sampled, generation palette)"
Cœur Défense (tour 1),stone,#cbc5a6,1.35,0.3,h@97.6=161;h@155.2=161,,8,,"161 m (40 floors), Jean-Paul Viguier, 2001; two-tone façade of cream aluminium or stone-look panels with dark glazing, rounded (rotunda-shaped) corners. Sampled sunlit median #cec8a5, bright30 #efebcb, mean #adaa8d (blue sky, low sun); night: windows lit warm, irregular. A wide oval plan (1,761 m2, 48 x 75 m)"
Cœur Défense (tour 2),stone,#cbc5a6,1.35,0.3,,,,,"161 m, twin of tour 1 (1,737 m2); same sampled cream"
Tour Alto,bands,#5d686c,1.5,0.9,0:0.78 1:1,,,,"160 m (150 from the dalle), 38 floors, IF Architectes and SRA, 2020: rounded plan whose floors grow 12 cm per level (700 m2 at the base to 1,500 m2 at the top), curved glass between pale concrete slab edges. Sampled glass mean #5c676a / median #647375 (overcast) and #51524e (dusk); variant 0.9 = light-grey slab edges. Profile est.: the footprint (1,756 m2) is taken as the top floor plate, base about 0.78 of it (12 cm x 38 levels = 4.6 m each side on about 46 m); if the table's footprint is nearer 700 m2 use 0:1 1:1.3"
Tribunal de Paris,glass,#8fa3b8,1.5,0.45,0:1 0.36:1 0.36:0.82 0.68:0.82 0.68:0.64 1:0.64,,,,"160 m, 38 floors, Renzo Piano, opened 2018-20: a 5-8 level podium, then three stacked parallelepipeds shrinking upward with about 10,000 m2 of planted terraces between them, pale silvery glass with white sun screens. Sampled white-glass tower #a9b7c3 mean / #b1becf median (blue sky), lit glass #698ebb, dark grey-blue podium cladding #33435e. Profile est. from photos (block edges at 0.36 and 0.68 of the height, widths 1, 0.82, 0.64 of the outline); the outline (1,473 m2) is taken as the tower's base"
Tour Égée,glass,#7b8a94,1.5,,,,,,"155 m; OSM height missing or bad (est.; no photo sampled, generation palette)"
Tour Ariane,glass,#6f7d76,1.4,,,,,,"152 m, 1975: tapering grey-green glass tower with pale frames; sampled #6f7d76 mean / #707d75 median (Ariane and Majunga from below, blue sky; the photo's left tower); bright frames #a4b0a4"
Tour Dexia (CBX),glass,#5f7f96,1.5,,,,,,"142 m, 2001 (est.; no photo sampled, generation palette)"
Hôtel Hyatt Regency Paris Étoile (Concorde Lafayette),piers,#3a3d4c,2.4,0.6,,,,,"Cylindrical tower 137 m (Concorde Lafayette): wide cream/white piers (bright30 #dddfdf), dark glazing #313443, overall mean #8e8c90 (hyatt-regency-etoile/01, blue sky). OSM says 174 m: wrong (landmark list). tint = the glass"
Tour Europlaza,bands,#6b7378,1.6,0.7,,,,,"135 m, 1972: grey ribbon-window tower on OSM parts; grey slab and dark glass ribbons (est.; no photo sampled, generation palette)"
Tour Défense 2000,bands,#5d6165,1.6,0.5,,,,,"134 m, 1974: dark ribbon-window tower (est.; no photo sampled, generation palette)"
Tour Eqho,bands,#6d7a80,1.5,0.75,,,,,"131 m, 1988 (ex Tour Descartes; Willerval, Urquijo, Macola), a parallelepiped with a half-cylinder on one face, no corner windows (pillars), OSM relation parts. Grey-green mean #737a78 / median #78807e from the photo5 tower judged to be Eqho (identity not verified) "
Tour Aurore,glass,#7c8f9c,1.5,,,,,,"131 m after the 2023 renovation (OSM 110) (est.; no photo sampled, generation palette)"
Tour Les Poissons,bands,#6a6258,1.5,0.6,,,,,"130 m (real 129.5 m; OSM 150): 1970s dark-bronze ribbon tower (est.; no photo sampled, generation palette)"
Tour de la chaudière (cheminée du Front de Seine),plain,#b0aca4,,,,,,,"STRUCTURE, not a building: the 130 m boiler chimney (OSM way/245189975 is a 130 m box). Concrete, no windows; photo front-de-seine/07. Prefer a [[structures]] tube over this row"
Tour France,bands,#77797a,1.6,0.6,,,,,"126 m, Puteaux, BORDERLINE-OUTSIDE (lat 48.883) (est.; no photo sampled, generation palette)"
Tour Prélude,concretepanel,#b8b4a8,2.7,0.2,,,,,"NEW STYLE concretepanel. Ourcq/Flandre tower; family default (est.), not identified in a sampled photo"
Tour Duo 2,panel,#7e8791,1.5,0.5,,,,,"122 m, 27 floors: single-skin, highly reflective metal panels with enamelled glazing and stainless sun-breakers (est. colour, silvery grey); lean not modelled"
Tour Franklin,bands,#5f6468,1.6,0.5,,,,,"120 m, 1972, two ways with one name (est.; no photo sampled, generation palette)"
Tour Séquoia,glass,#67849a,1.5,,,,,,"119 m (est.; no photo sampled, generation palette)"
Tour W,glass,#6a8090,1.5,,,,,,"119 m (est.; no photo sampled, generation palette)"
Tour Michelet,glass,#5f7a8e,1.5,,,,,,"117 m (about 110 over the dalle) (est.; no photo sampled, generation palette)"
Tour CGI,bands,#6d7477,1.6,0.6,,,,,"117 m, 1970s ribbon tower (est.; no photo sampled, generation palette)"
Hôtel Pullman Paris Montparnasse,glass,#4c5560,1.5,,,,,,Dark grey-blue glazed tower 116 m; colour est. from the dark shaft in pullman-super-montparnasse/01 (not sampled precisely)
Tour Neptune (Allianz),bands,#6a7176,1.6,0.6,,,,,"113 m, 1970s ribbon tower (est.; no photo sampled, generation palette)"
Tour Super-Italie,concretepanel,#a9acb3,2.7,0.3,,,,,"NEW STYLE concretepanel. The only round tower of Italie 13 (Novarina 1974), grey with a brown crown: median #6d7079, bright30 #c5c7cd (italie-13-towers/01, box 0.08,0.42,0.17,0.55)"
Grande Arche de La Défense,stone,#e8e8e4,1.1,0.5,h@104.2=110.9;lid@93,,,,"hollow cube 112 x 106.9 x 110.9 m; the marble (Carrara, 3.5 ha) was replaced by Bethel White granite (Vermont) 2010-17; sunlit faces are near white: median #f2f4f5, bright30 #f6fafc; glass slot windows in a grid of about 2.2 m granite panels (est. from photo); tint = light grey albedo #e0ded8 (est.). The table has its parts stacked from 0 m (min_h dropped): the void is FILLED; needs a structure or min_h kept. Rotated 6.3 deg from the axis; the 'Nuage' membrane sits inside the opening M4 fix: #e8e8e4, 1.1 m module (a finer, lower-contrast grid)."
Tour Manhattan,bands,#777b7a,1.6,0.6,,,,,"110 m, 1975 (est.; no photo sampled, generation palette)"
Tour Ève,glass,#5f7d92,1.5,,,,,,"109 m, 2007 glass tower (est.; no photo sampled, generation palette)"
Tour Initiale,bands,#797d7a,1.6,0.7,,,,,"109 m, 1960s-70s tower (the 109 m part is a building:part of a 1-level outline) (est.; no photo sampled, generation palette)"
Tour Fugue,concretepanel,#b8b4a8,2.7,0.5,,,,,"NEW STYLE concretepanel. Ourcq/Flandre tower; family default (est.), not identified in a sampled photo"
Dôme des Invalides (église du Dôme),floodlit,#c6b998,,0.5,crown@55.2-72:dome:0:#c4a45c;crown@72-77.6:0:1 1:0.8:#c4a45c;tops@77.6:0:1 1:0.55|0:1 1:0.15,,,#c4a45c,"pale limestone with a gilded dome (12.65 kg of gold leaf per Wikipedia EN); stone est. #c6b998 (my boxes fell in shade: median #8c8068 shaded), gilt sampled overcast mean #9b8d71 bright30 #e8d7ac, sunlit mean #88764d; gold is #c8a94f (est.) and cannot be a wall tint here. OSM gives the dome as a 28x28 m cylinder to 72 m + a 9x9 shaft to 77.6 m and spire parts to 100 m (real 107 m): a silo. Not fixable by crown@ (the tallest non-spire part is the 77.6 m shaft). See the .md for a figure spec"
Tour Atlantique,bands,#6f7476,1.6,0.6,,,,,"106 m, 1970 (est.; no photo sampled, generation palette)"
Tour Giralda,concretepanel,#b9b6ae,2.7,0.5,,,,,NEW STYLE concretepanel. Porte de Montreuil tower; no sample (est.)
Tour Gambetta,bands,#7d7f7c,1.6,0.6,,,,,"104 m (est.; no photo sampled, generation palette)"
Tour Tokyo,concretepanel,#b9b0a8,2.4,0.3,,,,,"NEW STYLE concretepanel. Olympiades tower 104 m (Holley, 1972-76): beige-pink precast piers (bright30 #c0bbb8 / #c2bbb5) with dark brown spandrels (#4f4249) and pale window frames; olympiades/01 (detail, boxes 0.29,0.05,0.34,0.95 and 0.40,0.05,0.60,0.95). Per-tower colour not verified; family value"
Tour Londres,concretepanel,#b9b0a8,2.4,0.3,,,,,"NEW STYLE concretepanel. Olympiades tower 104 m (Holley, 1972-76): beige-pink precast piers (bright30 #c0bbb8 / #c2bbb5) with dark brown spandrels (#4f4249) and pale window frames; olympiades/01 (detail, boxes 0.29,0.05,0.34,0.95 and 0.40,0.05,0.60,0.95). Per-tower colour not verified; family value"
Tour Anvers,concretepanel,#b9b0a8,2.4,0.3,,,,,"NEW STYLE concretepanel. Olympiades tower 104 m (Holley, 1972-76): beige-pink precast piers (bright30 #c0bbb8 / #c2bbb5) with dark brown spandrels (#4f4249) and pale window frames; olympiades/01 (detail, boxes 0.29,0.05,0.34,0.95 and 0.40,0.05,0.60,0.95). Per-tower colour not verified; family value"
Tour Helsinki,concretepanel,#b9b0a8,2.4,0.3,,,,,"NEW STYLE concretepanel. Olympiades tower 104 m (Holley, 1972-76): beige-pink precast piers (bright30 #c0bbb8 / #c2bbb5) with dark brown spandrels (#4f4249) and pale window frames; olympiades/01 (detail, boxes 0.29,0.05,0.34,0.95 and 0.40,0.05,0.60,0.95). Per-tower colour not verified; family value"
Tour Sapporo,concretepanel,#b9b0a8,2.4,0.3,,,,,"NEW STYLE concretepanel. Olympiades tower 104 m (Holley, 1972-76): beige-pink precast piers (bright30 #c0bbb8 / #c2bbb5) with dark brown spandrels (#4f4249) and pale window frames; olympiades/01 (detail, boxes 0.29,0.05,0.34,0.95 and 0.40,0.05,0.60,0.95). Per-tower colour not verified; family value"
Tour Mexico,concretepanel,#b9b0a8,2.4,0.3,,,,,"NEW STYLE concretepanel. Olympiades tower 104 m (Holley, 1972-76): beige-pink precast piers (bright30 #c0bbb8 / #c2bbb5) with dark brown spandrels (#4f4249) and pale window frames; olympiades/01 (detail, boxes 0.29,0.05,0.34,0.95 and 0.40,0.05,0.60,0.95). Per-tower colour not verified; family value"
Tour Athènes,concretepanel,#b9b0a8,2.4,0.3,,,,,"NEW STYLE concretepanel. Olympiades tower 104 m (Holley, 1972-76): beige-pink precast piers (bright30 #c0bbb8 / #c2bbb5) with dark brown spandrels (#4f4249) and pale window frames; olympiades/01 (detail, boxes 0.29,0.05,0.34,0.95 and 0.40,0.05,0.60,0.95). Per-tower colour not verified; family value"
Tour Cortina d'Ampezzo,concretepanel,#b9b0a8,2.4,0.3,,,,,"NEW STYLE concretepanel. Olympiades tower 104 m (Holley, 1972-76): beige-pink precast piers (bright30 #c0bbb8 / #c2bbb5) with dark brown spandrels (#4f4249) and pale window frames; olympiades/01 (detail, boxes 0.29,0.05,0.34,0.95 and 0.40,0.05,0.60,0.95). Per-tower colour not verified; family value"
Tour Antoine et Cléopâtre,concretepanel,#b6b3ad,2.7,0.3,,,,,"NEW STYLE concretepanel. 13e/14e 1970s tower; family default, not sampled (est.)"
Tour Emblem,glass,#607b91,1.5,,,,,,"103 m (est.; no photo sampled, generation palette)"
Tour Chéops,concretepanel,#b9b5ad,2.7,0.3,,,,,NEW STYLE concretepanel. Pyramid towers on Boulevard Vincent-Auriol (slightly pyramidal base per Wikipedia FR); no sample of these; tint est.
Tour Mykérinos,concretepanel,#b9b5ad,2.7,0.3,,,,,NEW STYLE concretepanel. Pyramid towers on Boulevard Vincent-Auriol (slightly pyramidal base per Wikipedia FR); no sample of these; tint est.
Tour Ferrare,concretepanel,#c1c4c8,2.7,0.15,,,,,"NEW STYLE concretepanel. Italie 13 tower (about 30 storeys): pale grey-white precast with dark window strips: white towers median #d1d4d8, bright30 #f1f3f5; the banded towers dark #4f4f54 (italie-13-towers/01, blue sky). Per-tower colour not verified; family value, the variant only varies the window pattern seed"
Tour Ancône,concretepanel,#c1c4c8,2.7,0.35,,,,,"NEW STYLE concretepanel. Italie 13 tower (about 30 storeys): pale grey-white precast with dark window strips: white towers median #d1d4d8, bright30 #f1f3f5; the banded towers dark #4f4f54 (italie-13-towers/01, blue sky). Per-tower colour not verified; family value, the variant only varies the window pattern seed"
Tour Bologne,concretepanel,#c1c4c8,2.7,0.55,,,,,"NEW STYLE concretepanel. Italie 13 tower (about 30 storeys): pale grey-white precast with dark window strips: white towers median #d1d4d8, bright30 #f1f3f5; the banded towers dark #4f4f54 (italie-13-towers/01, blue sky). Per-tower colour not verified; family value, the variant only varies the window pattern seed"
Tour Palerme,concretepanel,#c1c4c8,2.7,0.75,,,,,"NEW STYLE concretepanel. Italie 13 tower (about 30 storeys): pale grey-white precast with dark window strips: white towers median #d1d4d8, bright30 #f1f3f5; the banded towers dark #4f4f54 (italie-13-towers/01, blue sky). Per-tower colour not verified; family value, the variant only varies the window pattern seed"
Tour Ravenne,concretepanel,#c1c4c8,2.7,0.25,,,,,"NEW STYLE concretepanel. Italie 13 tower (about 30 storeys): pale grey-white precast with dark window strips: white towers median #d1d4d8, bright30 #f1f3f5; the banded towers dark #4f4f54 (italie-13-towers/01, blue sky). Per-tower colour not verified; family value, the variant only varies the window pattern seed"
Tour Cantate,concretepanel,#b8b4a8,2.7,0.8,,,,,"NEW STYLE concretepanel. Ourcq/Flandre tower; family default (est.), not identified in a sampled photo"
Tour Opus 12,glass,#6a8296,1.5,,,,,,"100 m (est.; no photo sampled, generation palette)"
Tour Allianz One,glass,#7089a0,1.5,,,,,,"100 m (est.; no photo sampled, generation palette)"
Tour Boucry,bands,#6b6a63,2.4,0.5,,,,,"Dark ribbon-window facade, overcast mean #4d4c47, bright30 #8b8a81 (tours-belleville-ourcq-flandre/03, box 0.42,0.25,0.62,0.6); tint between them"
Tour Cristal,glass,#7e93a4,1.5,,,,,,"Glass tower 98 m; sky-reflecting glass reads #b9cbd7 (front-de-seine/01 box 0.29,0.3,0.36,0.4), body darker #6b7f8c (est.). Identification of the photographed glass tower is est."
Tour Perspective 1,panel,#8f9394,2.5,0.3,,,,,"Front de Seine tower, grey metal-and-glass, family sample #939496 (front-de-seine/02, box 0.30,0.32,0.36,0.5); identification est."
Tour Perspective 2,panel,#8f9394,2.5,0.5,,,,,"Front de Seine tower, grey metal-and-glass, family sample #939496; est."
Tour Hôtel Novotel Paris Tour Eiffel,concretepanel,#9d6550,2.4,0.3,,,,,"NEW STYLE concretepanel. Red-brown tower: median #9d6550, bright30 #ddb098 (front-de-seine/04 box 0.59,0.34,0.68,0.60); identification as the Novotel tower is est. (position)"
Tour de Mars,panel,#a5a4a5,2.5,0.4,,,,,"Front de Seine tower, pale grey-white panels; median #a5a4a5 (front-de-seine/02 box 0.48,0.28,0.56,0.5), est."
Tour Seine,panel,#a5a4a5,2.5,0.5,,,,,"Front de Seine tower; family value, est."
Tour Adagio (Tour Eiffel),panel,#8f9394,2.5,0.7,,,,,"Front de Seine tower, family grey; est."
Tour Totem,concretepanel,#858279,2.4,0.4,,,,,"NEW STYLE concretepanel. Brown-grey tower with pale window strips: median #84847d, bright30 #c2bcaa (front-de-seine/04 box 0.42,0.32,0.53,0.55); identification est."
Tour Avant-Seine,panel,#9a9c9d,2.5,0.2,,,,,"Front de Seine tower; family value, est."
Tour Reflets,glass,#7e8b96,1.5,,,,,,Front de Seine glass tower; est. from front-de-seine/01 (grey-blue glass mean #797e7f)
Tour Chambord,concretepanel,#c9c3b6,2.7,0.4,,,,,"NEW STYLE concretepanel. Boulevard Kellermann tower, est. cream (no sample)"
Cathédrale Notre-Dame de Paris,monument,#bdb29e,5.5,0.5,crown@33-45:long:0:1:1 1:1:0.02:#80868c;tops@45:0:1 0.25:0.8 1:0.04,,10,#80868c,"limestone; west front sunlit tower shaft median #afa28e, bright30 #d7d0c3, shaded lower wall #868477 (sampled, 2014 photo at dusk light); cleaned 2019-24 so lighter than the old grimy state; tint = est. between. Towers 69 m are UNNAMED parts in the table (they do not get this row); the 96 m spire is a 5x5 m prism from the ground; lead roof and spire #92979c/#a2abb5 (sampled). Windows are deep lancets, blank in floodlit style: NEW STYLE gothic would add them M4 fix: monument gothic (variant 0.5): lancets, buttresses, portals and roses on the short fronts, louvred belfries in the towers' top third; the lightning rods 73-78 m over the towers are dropped by 06_tiles' floating check."
Tour HT1,concretepanel,#b9bdbb,2.7,0.3,,,,,"NEW STYLE concretepanel. Porte de Montreuil white ribbed tower; mean #838a8c, bright30 #d1d3d0 (tours-porte-de-bagnolet-montreuil/01, box 0.48,0.2,0.58,0.6)"
Tour Mantoue,concretepanel,#c1c4c8,2.7,0.45,,,,,"NEW STYLE concretepanel. Italie 13 tower (about 30 storeys): pale grey-white precast with dark window strips: white towers median #d1d4d8, bright30 #f1f3f5; the banded towers dark #4f4f54 (italie-13-towers/01, blue sky). Per-tower colour not verified; family value, the variant only varies the window pattern seed"
Tour Atlas,concretepanel,#c1c4c8,2.7,0.65,,,,,"NEW STYLE concretepanel. Italie 13 tower (about 30 storeys): pale grey-white precast with dark window strips: white towers median #d1d4d8, bright30 #f1f3f5; the banded towers dark #4f4f54 (italie-13-towers/01, blue sky). Per-tower colour not verified; family value, the variant only varies the window pattern seed"
Tour Verdi,concretepanel,#c1c4c8,2.7,0.85,,,,,"NEW STYLE concretepanel. Italie 13 tower (about 30 storeys): pale grey-white precast with dark window strips: white towers median #d1d4d8, bright30 #f1f3f5; the banded towers dark #4f4f54 (italie-13-towers/01, blue sky). Per-tower colour not verified; family value, the variant only varies the window pattern seed"
Tour Puccini,concretepanel,#c1c4c8,2.7,0.1,,,,,"NEW STYLE concretepanel. Italie 13 tower (about 30 storeys): pale grey-white precast with dark window strips: white towers median #d1d4d8, bright30 #f1f3f5; the banded towers dark #4f4f54 (italie-13-towers/01, blue sky). Per-tower colour not verified; family value, the variant only varies the window pattern seed"
"Tour (Ourcq, non nommée)",concretepanel,#b8b4a8,2.7,0.4,,,,,"NEW STYLE concretepanel. Ourcq/Flandre tower; family default (est.), not identified in a sampled photo"
Tour Rive Gauche,panel,#9a9c9d,2.5,0.6,,,,,"Front de Seine tower; family value, est."
Tour Keller,panel,#a0a19f,2.5,0.8,,,,,"Front de Seine tower; family value, est."
Tour Évasion 2000,panel,#a0a19f,2.5,0.9,,,,,"Front de Seine tower; family value, est."
Tour Espace 2000,panel,#a0a19f,2.5,0.1,,,,,"Front de Seine tower; family value, est."
Tour Rimini,concretepanel,#c1c4c8,2.7,0.3,,,,,"NEW STYLE concretepanel. Italie 13 tower (about 30 storeys): pale grey-white precast with dark window strips: white towers median #d1d4d8, bright30 #f1f3f5; the banded towers dark #4f4f54 (italie-13-towers/01, blue sky). Per-tower colour not verified; family value, the variant only varies the window pattern seed"
Tour Capri,concretepanel,#c1c4c8,2.7,0.5,,,,,"NEW STYLE concretepanel. Italie 13 tower (about 30 storeys): pale grey-white precast with dark window strips: white towers median #d1d4d8, bright30 #f1f3f5; the banded towers dark #4f4f54 (italie-13-towers/01, blue sky). Per-tower colour not verified; family value, the variant only varies the window pattern seed"
Tour Abeille,concretepanel,#c1c4c8,2.7,0.7,,,,,"NEW STYLE concretepanel. Italie 13 tower (about 30 storeys): pale grey-white precast with dark window strips: white towers median #d1d4d8, bright30 #f1f3f5; the banded towers dark #4f4f54 (italie-13-towers/01, blue sky). Per-tower colour not verified; family value, the variant only varies the window pattern seed"
Tour Béryl,concretepanel,#b6b3ad,2.7,0.3,,,,,"NEW STYLE concretepanel. 13e/14e 1970s tower; family default, not sampled (est.)"
Tour Jade,concretepanel,#b6b3ad,2.7,0.3,,,,,"NEW STYLE concretepanel. 13e/14e 1970s tower; family default, not sampled (est.)"
Tour Onyx,concretepanel,#b6b3ad,2.7,0.3,,,,,"NEW STYLE concretepanel. 13e/14e 1970s tower; family default, not sampled (est.)"
Tour Rubis,concretepanel,#b6b3ad,2.7,0.3,,,,,"NEW STYLE concretepanel. 13e/14e 1970s tower; family default, not sampled (est.)"
Tour Saint-Blaise,concretepanel,#b4b0a8,2.7,0.4,,,,,"NEW STYLE concretepanel. Rue Saint-Blaise tower (photo in tours-porte-de-bagnolet-montreuil/02, not sampled); est."
Tour Zamansky (Jussieu),glass,#6a808b,1.5,,,,,,"Steel-and-glass tower 90 m, the Jussieu campus: mean #5c727d, bright30 #8aa1ab (zamansky-jussieu/02, overcast)"
Résidence Super Montparnasse,concretepanel,#8a8378,2.7,0.3,,,,,"Balconied concrete slab 90 m, dark brown-grey in shade #404348 (pullman-super-montparnasse/01, box 0.82,0.2,0.96,0.5); tint est."
Tour Bergame,concretepanel,#c1c4c8,2.7,0.9,,,,,"NEW STYLE concretepanel. Italie 13 tower (about 30 storeys): pale grey-white precast with dark window strips: white towers median #d1d4d8, bright30 #f1f3f5; the banded towers dark #4f4f54 (italie-13-towers/01, blue sky). Per-tower colour not verified; family value, the variant only varies the window pattern seed"
Tour Chéphren,concretepanel,#b9b5ad,2.7,0.3,,,,,NEW STYLE concretepanel. Pyramid towers on Boulevard Vincent-Auriol (slightly pyramidal base per Wikipedia FR); no sample of these; tint est.
Basilique du Sacré-Cœur,floodlit,#cfc8bb,,0.6,h@44.4=30;h@43.9=30;h@42.4=30;h@39.9=30;crown@59-73:dome:0:#dcd6ca;crown@38-46:dome:0:#dcd6ca;crown@70-80:0:1 0.4:1 1:0.35:#dcd6ca,,8,#dcd6ca,"Château-Landon travertine-like limestone, self-cleaning so it stays white; sunlit dome median #beb6aa, bright30 #e4dcd0, shaded #a59f94 (sampled, blue sky, February); tint is est. toward bright30. crown@50 cuts the tallest part (the 73 m central dome part, 21x18 m) at 50 m and lofts the rest as a quarter-ellipse dome (spire style, grey #b8bcc0, no gilding needed); UNTESTED. The 83 m lantern (10 m2 part) is not in the table: the dome stops at 73 m"
Panthéon,floodlit,#c9bb9b,,0.5,crown@61.5-74.5:dome:0:#8a8e95;tops@74.5:0:1 0.6:0.8 1:0.2,,,#8a8e95,"limestone (pierre de Paris), blind side walls; golden-hour flank median #bf9e73 and mean #b1926a, drum bright30 #d3b792 (sampled, warm low sun; too orange), neutral-light tint is est. #c9bb9b; dome is lead, blue-grey: median #8c8b8d sunlit, #5e6d81 shaded (sampled). crown@61.5 cuts the 74.5 m dome part (25 m diameter, roof_height 13 m in OSM) and lofts the dome; UNTESTED. Lantern to 83 m is the spire part (5x5)"
Orgues de Flandre IV,concretepanel,#c9c5b8,2.7,0.3,,,,,"NEW STYLE concretepanel. Cream precast (Martin Van Trek 1974): mean #d2cdb4 / median #e6e1c5 in a warm evening light (tours-belleville-ourcq-flandre/01, box 0.68,0.28,0.76,0.5), desaturated for the tint"
Tour Pitard,concretepanel,#a29f98,2.7,0.3,,,,,"Slab beside Super Montparnasse; no photo sampled, tint est."
Église Saint-Augustin,limestone,#d0c6a8,,0.5,,,,,"NEW STYLE limestone over an iron frame (Baltard 1871), dome 25 m across, ~100 m long, dome top over 80 m; p90 #dcd3b4, mid #a9a18a (saint-augustin/01)"
Tour du Nouveau Monde,concretepanel,#b6b3ad,2.7,0.3,,,,,"NEW STYLE concretepanel. 13e/14e 1970s tower; family default, not sampled (est.)"
Tour des Lois (BnF),glass,#5f6772,1.5,,,,,,"Four L-shaped glass towers 79 m (Perrault 1995) on a 60,000 m2 ipe-wood esplanade. Grey-blue glass: #515b6e (shaded tower), #676c75 (bb/03, blue sky, two boxes); inner shutters are wood, not visible from afar. OSM parts give the massing"
Tour des Nombres (BnF),glass,#5f6772,1.5,,,,,,"Four L-shaped glass towers 79 m (Perrault 1995) on a 60,000 m2 ipe-wood esplanade. Grey-blue glass: #515b6e (shaded tower), #676c75 (bb/03, blue sky, two boxes); inner shutters are wood, not visible from afar. OSM parts give the massing"
Tour des Temps (BnF),glass,#5f6772,1.5,,,,,,"Four L-shaped glass towers 79 m (Perrault 1995) on a 60,000 m2 ipe-wood esplanade. Grey-blue glass: #515b6e (shaded tower), #676c75 (bb/03, blue sky, two boxes); inner shutters are wood, not visible from afar. OSM parts give the massing"
Tour des Lettres (BnF),glass,#5f6772,1.5,,,,,,"Four L-shaped glass towers 79 m (Perrault 1995) on a 60,000 m2 ipe-wood esplanade. Grey-blue glass: #515b6e (shaded tower), #676c75 (bb/03, blue sky, two boxes); inner shutters are wood, not visible from afar. OSM parts give the massing"
Tour Super-Chapelle,concretepanel,#98a1a2,2.7,0.3,,,,,"NEW STYLE concretepanel. Pale grey-blue panel tower, sample #95a0a1 (tours-belleville-ourcq-flandre/05 box 0.72,0.25,0.86,0.75) which is the Porte de la Chapelle tower (identification est.)"
Église Notre-Dame-de-la-Croix de Ménilmontant,limestone,#d0cabb,,0.5,,,,,"NEW STYLE limestone; pale clean stone, neo-Gothic spire (78 m in the list); p90 #e7e3d5, mid #a39e98 (notre-dame-de-la-croix/01)"
Tour La Sablière,concretepanel,#7a8485,2.7,0.6,,,,,"NEW STYLE concretepanel. Porte de la Chapelle neighbour; sample #7a8485 (tours-belleville-ourcq-flandre/05 box 0.15,0.45,0.27,0.8), identification est."
Tour Périscope,concretepanel,#b6b3ad,2.7,0.3,,,,,"NEW STYLE concretepanel. 13e/14e 1970s tower; family default, not sampled (est.)"
Sainte-Chapelle,monument,#c4bfb2,4.5,0.5,tops@42:0:2 0.1:1.4 0.35:0.7 1:0.03,,,#5f666d,"NEW STYLE limestone. Gothic, restored: p90 #cdc9be, mid #989187 (sainte-chapelle/02). Spire (rebuilt 1853, 75 m) is a separate OSM part; the walls are mostly glass at upper level M4 fix: the flèche (47-75 m in OSM, over a 42 m roof: it floated) is let down onto the roof by 06_tiles and tapered as a lead crown. M10: the crown never applied (the flèche is a spire part, which crown@ leaves alone: a 33 m grey prism); tops@42 lofts the spire part itself from the ridge, twice its 2.7 m square at the foot, a needle at 75 m, in lead (roof)"
Église Saint-Sulpice,monument,#c8bca4,5.5,0.3,,,,,"NEW STYLE limestone; twin unequal towers (north 73 m, south 70 m). Sampled in golden light (mid #e4ca92, saint-sulpice/01) so the tint is pulled to #cdbb95 (est.) M10b: monument palace (arched openings between pilasters; the west front is a two-storey colonnade, read here as the palace kind) instead of the limestone housing grid; the towers are the OSM parts (70.3/66.4 m)"
Opéra Garnier (Palais Garnier),monument,#b3a78f,5.5,0.1,h@63.6=58;crown@45-58:long:0:1:1 1:1:0.05:#6f8a80;crown@44-51:dome:0:#8fa396,,2,#8fa396,"NEW STYLE limestone; front sunlit stone median #8e8069 mean #847762, bright30 #a99c84 (sampled, north face, low afternoon light, includes shade); overcast front median #989693; tint est. #b3a78f warm beige; dome copper verdigris #8fa396 (overcast), bright30 #acc3b6; gilded groups est. #c9a63e (bright30 #e7e6d2 overexposed). Massing from the OSM parts: stage house 58 m, auditorium dome part 51 m, facade block 35 m; loggia bay about 3.6 m (est.); 154.9 x 70.2 m, 56 m stage house (Wikipedia EN) M4 fix: monument arcade (variant 0.1, 5.5 m bays, gilt band); the stage roof's gable from 45 m (was 52: a flat roof)."
Maison de la Radio et de la Musique,concretepanel,#b5b5ae,3.0,0.3,,,,,"NEW STYLE concretepanel. Round ring building (500 m circumference, tower 68 m, Henry Bernard, 1963) in concrete panels; sampled p90 #9b9c8f to #d4d5d1 (maison-de-la-radio/01, /03); tint est."
Tour Albert,concretepanel,#b6b3ad,2.7,0.3,,,,,"NEW STYLE concretepanel. 13e/14e 1970s tower; family default, not sampled (est.)"
Tour de l'Horloge (gare de Lyon),limestone,#bfb6a8,,0.5,,,,,"NEW STYLE limestone with slate roofs; cream-grey stone p90 #cbc2bb, mid #86817d (gare-de-lyon-clock-tower/02); tower 67 m (Denis-Marius Toudoire, 1900)"
Basilique Sainte-Clotilde,limestone,#c6bfae,,0.5,,,,,"NEW STYLE limestone. Neo-Gothic twin spires 69 m (Gau/Ballu, 1857); p90 #ccc5bc, mid #9a9590 (sainte-clotilde/01)"
Église de la Trinité,limestone,#c9bfa4,,0.5,,,,,"NEW STYLE limestone. Neo-Renaissance (Ballu, 1867), bell tower 65 m; p90 #d2c9b0, mid #a89f87 (la-trinite/01)"
Église du Val-de-Grâce,limestone,#c4b59f,,0.5,crown@41-52.8:dome:0:#6f767e;tops@52.8:0:1 0.6:0.75 1:0.2,,,#6f767e,"NEW STYLE limestone. Baroque church, dome on a drum with 16 windows over the crossing (completed 1663), four small campaniles; p90 #cab9a6, mid #85776a (val-de-grace/01). Dome roof is lead-grey, no separate roof colour in the engine"
Église Saint-Germain-des-Prés,limestone,#bfb5a2,,0.5,,,,,"NEW STYLE limestone; Romanesque west tower (about 56 m per the list), weathered; p90 #dacfc0, mid #716e6a (saint-germain-des-pres/01) (est. tint)"
Tour Saint-Jacques,limestone,#c9b998,,0.5,,,,,"NEW STYLE limestone, cleaned in 2009: overcast mid #948c82, p90 #b5aea2 (tour-saint-jacques/02); golden light mid #e1c59a (03). 52 m to the balustrade, 54 m to the statue (Wikipedia FR)"
CNIT,plain,#e4e2da,,,dome:0.1,,,,"Vault 1958 (Camelot, de Mailly, Zehrfuss; façades Jean Prouvé): triangular plan, 250 m sides, span 218 m, crown 46.3 m, 6 cm reinforced-concrete double shell on three buttresses; white concrete restored 2009, glass and metal gables. Table height 50 m. Profile dome:0.1 is a stand-in for the triple-curved vault; the glazed gables are not modelled; lit purple at events, warm at night"
Arc de Triomphe,monument,#d8ccb2,,0.7,h@47=49.5;h@49=49.5;h@50=49.5;base@49.5=29.2;fill@29.2,,,,"limestone ashlar, no windows (floodlit style); 49.54 x 44.82 x 22.21 m, main vault 29.19 x 14.62 m, transverse vaults 18.68 x 8.44 m (Wikipedia). Sunlit face median #bfbfbc, bright30 #c9cac8 (sampled, blue sky, July noon); tint between. Massing comes from the OSM parts (47 m body, 49-50 m attic bits) but the buildings table has min_h 0 on every part, so the vaults are SOLID: see the .md M4 fix: OSM draws the attic over each half and the crossing pieces 0-50 m, nothing over the main arch's crown (an ""H"" with sky through it): base@49.5=29.2;fill@29.2 makes the attic one solid from the main vault's 29.2 m crown; style monument (blank ashlar, variant 0.7), tint #d8ccb2 pale limestone (the floodlit grey read as concrete)."
Hôtel de Ville de Paris,monument,#c4beb2,4.5,0.3,h@22.5=28;crown@22.5-28:0:1:0 1:1:4:#4f5966,,,,"NEW STYLE limestone. Neo-Renaissance (1882), blackened cream-grey: p90 #d6d3cd / #dddad3, mid #b2a89f (hotel-de-ville/01, /02). Mansard roofs in slate"
Beffroi de Saint-Germain-l'Auxerrois,limestone,#bdb39b,,0.5,,,,,"NEW STYLE limestone; Gothic church with a 19th c. belfry; p90 #c5bca3, mid #9b917f (saint-germain-auxerrois/01). Belfry in warm light reads orange (#de842b): not the stone colour"
Grand Palais,limestone,#c6bda9,4.5,0.4,crown@25-42:long:0:1:1 0.4:1:0.92 0.7:1:0.71 0.9:1:0.44 1:1:0.2:#929c9e;crown@30-45:dome:0.15:#929c9e,,,#929c9e,"NEW STYLE limestone. Stone front 240 m long with a colonnade and mosaic frieze (1900), iron-and-glass nave roof over the middle (about 17,500 m2 of glass, 6,000 t of steel; 45 m to the dome ridge). Sunlit p90 #beb8aa (grand-palais/04, blue sky, Seine side), mid #8b7e73 in shade (02, CC0); tint = sunlit p90 warmed a little. The glass barrel roof is NOT a wall style: needs a glass-roof structure (see md)"
Église Saint-Eustache,monument,#bdb8aa,5.0,0.5,crown@30-40:long:0:1:1 1:1:0.02:#80868c;crown@30-38:long:0:1:1 1:1:0.02:#80868c,,,#80868c,"NEW STYLE limestone, weathered grey: p90 #c5c1b3, mid #817d77 (saint-eustache/01) M10b: monument gothic (lancets, buttresses, portals) instead of the limestone grid; the nave and choir parts (40 m) and the transept (38 m) get steep slate roofs from 30 m (nave vault 33.5 m; ridge est.)"
Église Saint-Vincent-de-Paul,limestone,#cbc4b6,,0.5,,,,,"NEW STYLE limestone; Ionic portico and two square towers; p90 #d8d2c6, #cec8c1 (saint-vincent-de-paul/01, /02)"
Centre Pompidou,monument,#c9cbcc,12.8,0.9,,,,,"NEW STYLE proposed: exposedframe (white steel truss + glass + coloured ducts); until then lattice reads closest. 166 x 60 x 42 m (centrepompidou.fr). Overall mean #686868, bright30 #b2b4b3 (west facade, overcast; centre-pompidou/04); ducts blue/green/yellow/red/white cannot be coloured per element yet. Closed 2025-2030 for works M4 fix: monument frame (variant 0.9): steel frame over dark glass, 12.8 m bays, coloured ducts on the east face, escalator diagonals on the west."
La Géode,panel,#8d989c,,0.9,0:0.5 0.05:0.5 0.1:0.6 0.2:0.8 0.3:0.917 0.4:0.98 0.5:1 0.6:0.98 0.7:0.917 0.8:0.8 0.9:0.6 0.97:0.34 1:0.1,,,,"Sphere 36 m across (6,433 polished stainless triangles on 2,580 tubes; pariszigzag/timeout). Profile is the sphere r=R*sqrt(1-(2f-1)^2) IF the OSM outline is the 36 m circle (check area about 1,018 m2) and the 36 m height includes the plinth. Mirror steel: mean #768185, bright30 #cacdcb (la-geode/01); tint #8d989c (est.). Reflections are the whole look"
Musée d'Orsay,monument,#c9bfa9,4.5,0.3,crown@20:long:0:1:1 0.35:1:0.92 0.6:1:0.75 0.8:1:0.5 1:1:0.1:#8d989c,,,,"NEW STYLE limestone (1900 station: stone front with a glass-and-iron vault behind, 4.4 m arched clock windows). West facade p90 #f3ebdd (clipped, orsay/02), Seine side p90 #cac1af (01); tint #c9bfa9 (est.) M4 fix: monument palace; the station hall as a grey glass barrel vault from 20 m (crown@20 long profile). Clock pavilions not modelled."
Institut du monde arabe,bands,#7d93a0,2.4,0.5,,,,,Glass south facade behind a square grid of light-sensitive aluminium diaphragms (Nouvel 1987): mean #9cb2be (blue sky) to #465864 dark (institut-du-monde-arabe/03); tint #7d93a0 (est.). Diaphragm pattern is not modelled; bands is the closest. Could use NEW STYLE diaphragm grid later
Hôtel des Invalides,limestone,#cdbfa1,3.4,0.2,,,,,"NEW STYLE limestone; four-storey classical wings around courts, 30 m OSM height, slate mansards #4f5966; stone est. #cdbfa1 (from sunlit dome-church stone and the courtyard photo, not sampled cleanly)"
Palais du Louvre,monument,#cfc4a8,4.5,0.3,,,,,"NEW STYLE limestone with slate/zinc mansards. Honey-cream stone: sunlit p90 #dbcba4 (louvre-palace/03 Richelieu wing) and #d7ccb1 (04), cooler #cecac2 on the Cour Carrée (05). OSM relation gives the massing (pavilions to about 35 m; roofs 20-30 m estimated in the landmark list) M4 fix: monument palace (variant 0.3); the unnamed wings take it through the [facade.zones] 'Palais du Louvre (wings)' with slate mansards."
Église de la Madeleine,monument,#d0c6b0,5.6,0.62,crown@24:long:0:1:1 1:1:0.02:#8a8e95,,,#8a8e95,"NEW STYLE limestone. 108 x 43 m, 30 m high, 52 Corinthian columns 20 m tall in the peristyle (paris.fr); no dome or bell tower outside. Sunlit p90 #d2c9b6 / #d8cdba (madeleine/01, /02), mid #b4aa9a M10b: monument peristyle (variant 0.62: the blank kind with free-standing columns, one per 5.6 m bay round the whole temple, on a podium, the shaded cella wall between: 52 columns on a 108 x 43 m outline); the pediment roof as a gable crown from 24 m (ridge along the long axis, gables on the short fronts), lead grey (est.); no windows"
Palais de Chaillot,limestone,#cec6b6,,0.5,,,,,"NEW STYLE limestone. Two curved wings around the Trocadero terrace (1937), pale cream Art Deco stone; p90 #e0e2e3 under bright overcast, mid #8f877d (palais-de-chaillot/02); tint from mid and p90 (est.)"
Pyramide du Louvre,lattice,#5d6e7e,1.9,0.1,0:1 1:0.03,,,,"glass pyramid 21.6 m high, 34-35.4 m square base, faces at 51.52 deg; 673 panes (603 rhombus + 70 triangle) on a steel rod lattice; tint is the sky-reflecting glass (est., between overcast #6d6f74 and blue sky #889dd1, sampled in a photo where the pyramid sits over sky); module 1.9 m is the rhombus (est.); profile: the square scaled to 3 % at the apex (0:1 1:0.03) gives 52 deg. Night: warm interior uplight, wings gold M4 fix: tint #5d6e7e (read opaque white)."
Bourse de Commerce,monument,#c9bca0,4.5,0.3,h@19.4=26;crown@15-26:dome:0:#66716f,,,#66716f,"M10b: Rotunda (1889; Tadao Ando 2021 inside): monument palace drum; the glass-and-iron dome as a dome crown from 15 m to 26 m (OSM 19.4 m; top est. from photos), dark grey-green iron (est.); stone tint est. pale limestone"
"Petit Palais, Musée des beaux-arts de la Ville de Paris",monument,#d6cbb3,4.5,0.3,,,,,"M10b: Petit Palais (1900): monument palace (arched bays between pilasters) on the 22 m outline; the central dome over the entrance is a [[structures]] figure (city.toml); stone tint est. pale limestone, cleaner than the Louvre"
Philharmonie de Paris,floodlit,#6f7377,,0.35,shell:0.3:28,,,,"M10b: Jean Nouvel 2015: a shell of grey aluminium tiles in bird shapes, no windows; floodlit style (its own colour), an inset shell from 30 % of its height so it reads as a mound, not a box (the real top, the belvedere, is 52 m; OSM 33.7)"
Fondation Louis Vuitton,floodlit,#d8dad6,,0.35,shell:0.2:14,,,,"M10b: Gehry 2014: glass sails over white Ductal ""icebergs""; floodlit style, pale (est.), an inset shell so it reads as a mound of sails, not a box (the sails are not modelled)"
